Actual,Predicted
28,30.961443
44,35.21694
32,32.612194
27,28.58163
10,15.42327
22,21.342148
37,34.306065
37,33.944378
22,21.336866
26,28.629055
33,29.418688
11,14.6752
28,28.592388
17,20.408215
48,44.785755
29,24.56082
35,37.07106
27,24.510761
19,17.228777
37,27.006203
36,37.773117
18,17.861197
22,25.311647
19,17.94671
27,28.610132
22,28.408583
39,39.787655
28,23.738117
26,25.028614
19,18.133713
25,29.70286
38,31.101131
43,39.637794
28,30.386131
11,12.779324
26,30.672804
23,24.68455
25,22.04644
16,17.90297
20,24.709574
17,22.169296
12,14.252102
37,34.146404
19,19.229448
22,22.584637
18,14.989331
29,28.007849
28,29.05172
31,36.876854
24,22.862867
40,35.20914
40,37.96425
27,24.707626
23,22.31241
30,35.908955
10,14.533792
26,28.19663
18,21.949493
31,29.32596
37,44.155006
29,20.995033
35,39.128075
26,32.477806
23,19.929415
26,31.015154
33,28.267763
23,19.647726
27,24.030878
29,30.411314
21,24.836618
26,26.104471
20,22.614784
15,14.356397
16,15.7659445
26,24.770477
33,36.20167
27,21.197552
35,35.55343
28,28.498259
24,24.793285
34,31.461391
30,30.600527
16,17.413975
40,41.07229
15,18.182325
30,26.064196
20,18.952322
28,29.592464
17,21.013004
20,22.471584
16,22.562988
39,42.730137
33,23.88233
18,15.456298
10,14.771914
34,34.431534
34,33.60452
36,36.368458
37,38.501934
20,23.505693
17,16.59041
24,23.891867
37,39.901955
34,38.47764
16,16.705597
32,38.086063
28,23.671051
29,22.171227
21,19.061064
39,38.38287
25,27.759447
27,27.095629
44,41.20205
23,24.584269
39,30.803392
31,32.652943
35,36.042892
37,37.17622
18,16.153679
34,31.001747
15,23.360628
16,17.949724
27,20.129938
31,28.557632
29,26.748133
22,23.905777
14,13.931996
16,20.40175
11,14.390107
28,24.646753
34,35.585987
17,18.352217
19,15.514429
26,28.790827
18,15.426611
26,23.312134
18,16.560354
21,22.153425
33,36.351585
27,20.72527
29,22.039587
22,28.378538
10,13.676279
21,22.943125
24,23.073357
25,28.984041
22,22.775312
38,40.414604
26,28.117323
42,41.61166
16,14.64124
15,20.341772
26,22.58254
23,21.041203
24,17.404772
24,20.300215
24,26.658266
18,19.672348
10,16.1219
13,14.312617
24,22.24677
23,30.602005
21,23.567541
23,19.145615
30,29.554813
16,15.215717
37,42.385517
14,22.623924
29,26.51653
16,21.184517
25,27.251066
41,39.58444
22,21.869404
24,24.087776
17,15.563179
33,35.920486
18,15.255508
20,25.380764
22,22.92178
16,16.553589
16,15.086116
17,19.135448
25,24.511044
15,15.716035
11,15.049213
26,19.330328
11,15.274038
21,24.33028
16,23.449522
15,15.875396
19,18.120386
29,27.679428
18,17.064268
38,34.044636
41,35.371002
27,28.062918
14,17.31553
14,14.40752
18,17.44087
45,40.874012
27,28.601707
23,24.812313
28,28.46431
39,32.87804
35,34.007545
41,40.47799
19,17.365898
13,14.315744
34,35.06643
25,30.605442
15,23.645075
32,34.558407
23,23.465582
39,35.899277
21,24.476198
33,37.376167
45,40.21022
35,34.5449
46,47.493908
47,47.40273
21,27.285126
29,24.234951
20,23.371933
33,34.669018
25,24.45001
25,21.288034
16,21.745956
17,23.206123
24,23.125174
36,39.570995
35,41.83438
12,13.620027
16,21.523792
21,19.84752
25,25.139069
29,27.461033
24,24.931551
32,30.636936
10,16.556982
54,45.803932
30,29.369204
33,32.83834
30,31.198307
41,37.90633
18,19.008236
19,17.000492
10,14.845078
32,37.064953
19,17.621313
25,22.983067
31,33.372986
41,38.68405
24,18.589458
43,36.681717
18,17.379417
15,15.210395
15,22.833055
34,36.67946
39,37.408787
21,22.071001
31,24.91414
18,16.947939
33,37.056995
27,22.034597
41,38.513332
23,24.965797
21,16.691784
27,28.094183
39,39.1726
24,24.958923
37,29.517626
32,34.85228
16,23.231419
10,14.4106655
43,42.07487
20,21.875713
42,44.581963
17,13.906875
16,17.486357
22,27.456715
10,12.861102
23,22.781664
24,22.67617
18,15.32901
17,17.679077
52,40.4316
16,16.956068
21,21.876377
31,34.664043
33,34.930958
30,30.988523
22,21.206789
41,35.98772
24,23.341888
31,27.29182
44,40.636345
20,18.97552
45,48.042866
26,24.146936
42,44.16753
28,27.768635
54,45.944584
27,25.380575
37,37.111313
29,27.80655
26,24.643404
37,32.816845
33,33.93975
28,23.973457
20,24.450907
40,45.80854
34,26.777548
12,22.985798
21,23.36208
39,38.527615
12,14.686972
15,20.135761
17,15.384441
31,35.313404
24,26.631126
21,19.578012
12,13.341394
15,23.3798
18,18.603983
18,22.513136
18,15.567463
39,33.50982
31,29.729237
31,34.831154
14,27.302973
23,24.87314
48,46.544544
42,41.368404
11,15.239629
18,21.746157
16,19.912983
15,18.98625
20,25.502106
31,32.406895
19,19.464096
20,19.989403
10,13.645041
17,18.744617
42,40.66184
29,28.718554
45,45.101566
33,26.828695
22,22.471535
26,27.229269
24,14.686467
38,37.99031
18,18.843287
21,23.273994
34,35.5558
29,28.606005
49,46.382732
37,30.357735
23,23.655409
18,20.29662
21,23.589691
25,29.284256
21,22.775545
19,19.2466
23,22.751776
18,16.130484
11,16.669985
40,38.08242
39,31.231684
27,26.398684
41,46.749123
18,14.165358
18,19.345387
18,19.265959
44,40.28564
35,36.03209
28,22.236128
42,35.17564
22,22.903801
15,22.61916
20,23.401505
26,27.794176
11,14.31865
18,14.562289
28,18.90763
29,20.933882
16,17.849398
16,20.403372
35,33.930336
18,20.661713
28,31.38617
21,20.42255
22,26.602419
28,26.746498
21,22.091597
16,17.931152
18,20.155813
11,16.202522
53,48.539387
30,27.69173
30,38.157497
54,41.622982
23,24.215422
31,36.313553
36,38.690464
29,22.355225
19,20.512844
14,16.865023
18,22.205767
53,45.075127
19,17.369305
35,25.462963
29,24.47014
40,46.81754
18,19.56378
42,40.384987
38,35.018635
15,24.665766
33,36.678707
33,34.798374
40,41.210625
28,27.27265
19,21.958038
33,36.777706
24,26.27615
21,25.341444
18,12.422239
25,26.94338
29,24.672438
43,33.8384
26,24.37702
33,36.733326
15,15.676817
24,23.516256
11,22.480783
44,36.0016
19,18.104036
17,15.238479
21,24.64645
25,24.178162
19,14.319653
19,19.249876
19,15.510478
35,35.30568
25,28.52077
11,16.699955
23,23.815624
27,20.433308
42,41.944847
37,37.724037
49,46.6876
29,24.759598
41,40.3468
11,17.056244
27,31.4423
22,24.284895
35,40.062965
29,23.767155
29,25.405993
27,31.558123
39,30.10187
23,23.301767
19,16.98518
17,19.352709
15,12.91081
15,13.952464
31,28.45662
29,19.654343
23,20.840143
13,13.42325
29,32.207645
22,21.52998
22,27.782547
30,31.206686
10,14.983488
16,14.852411
30,38.205784
31,36.65397
36,33.15829
27,29.47418
25,26.444376
44,41.450977
27,31.52382
21,25.207478
28,28.920116
25,25.928072
14,15.085237
33,38.74915
23,19.7051
26,22.136696
26,24.952929
13,14.919435
27,22.024023
26,30.443697
37,34.580456
47,46.27775
14,23.955822
32,33.273735
36,38.151855
42,44.1446
19,18.310955
14,15.809055
23,24.397808
26,26.410269
25,25.322527
44,48.31351
16,18.960781
27,29.670687
27,29.128927
47,36.34602
22,23.032848
20,25.695549
13,15.53991
10,16.039085
33,32.29551
26,21.757212
28,23.169333
21,21.320883
22,23.8983
48,49.99434
22,17.741358
25,22.647846
28,22.127823
21,23.264235
22,23.676746
34,31.97805
40,38.94885
27,30.31694
23,20.53883
37,34.11473
25,25.044674
21,19.837786
18,19.209837
25,29.666727
39,36.920826
25,24.223177
16,15.4820795
12,14.400352
27,30.142046
42,38.37355
25,25.316912
21,20.613049
26,22.175276
10,20.400837
34,26.339977
29,22.150215
21,21.498165
40,36.274117
27,26.034271
33,35.47945
12,16.674574
20,24.527628
23,22.048641
12,15.58514
15,20.712175
24,24.616293
24,23.906015
28,28.583725
29,24.6799
34,26.486149
22,25.091824
20,20.51811
27,22.798529
20,27.099613
27,20.688602
23,24.897665
17,14.909178
19,19.361094
24,22.1284
15,21.745329
35,35.480743
29,27.876554
27,28.06161
22,18.773228
32,37.217884
13,22.13669
19,14.270839
17,23.705128
20,24.850067
24,22.770206
13,14.285218
34,33.630352
21,18.170008
25,25.042574
41,37.85974
42,34.077705
20,22.894693
16,19.929953
31,28.77161
26,28.98639
18,25.051344
38,35.58219
23,18.776646
17,18.552483
11,15.962654
25,31.493221
30,28.642809
15,15.736879
19,19.994425
17,19.981556
23,24.486559
18,19.741882
32,37.447308
33,33.076767
31,32.582207
21,22.551786
15,20.873173
25,24.600346
21,24.912693
25,19.81984
19,20.44473
30,27.430742
23,19.341057
19,18.386053
23,24.145687
51,46.3772
33,32.601757
14,23.966677
31,37.491375
13,13.512155
29,25.286064
31,33.596436
21,25.840048
22,21.35688
17,15.285346
15,17.077518
36,34.73665
25,21.885353
11,12.973782
17,16.936117
27,27.71536
29,27.291897
42,41.34193
25,28.340878
27,30.27114
26,25.3226
41,43.77256
26,23.476646
18,16.2806
47,36.56875
28,24.502716
44,37.952698
41,40.134235
44,47.804367
15,18.783298
41,35.120663
18,13.898201
16,14.719038
13,13.776501
29,30.70068
17,21.066525
16,16.461046
45,40.242043
44,42.960934
17,16.821518
18,16.04063
27,27.27704
14,15.761385
39,34.975132
14,14.5705185
38,34.55954
44,39.376137
36,37.57236
18,18.761505
40,38.77758
30,30.82359
33,26.464676
32,29.53458
14,13.80026
31,32.48247
17,19.24388
44,40.54865
26,24.169825
24,23.015265
31,36.359146
22,22.295195
29,27.078947
26,27.764221
21,25.07075
29,27.69929
21,21.43598
22,19.906723
33,32.335384
24,25.07325
54,53.447376
33,35.32052
44,33.2874
29,25.964306
38,42.043476
22,19.875717
30,36.373558
26,23.549078
34,33.441048
42,34.337437
29,24.287506
42,38.45122
20,17.829393
23,27.326254
18,18.807384
24,25.522472
15,16.041744
20,29.84397
29,27.682224
18,17.75129
29,23.157703
52,39.69256
19,18.841768
36,35.840466
25,22.774656
47,38.321598
25,32.330875
38,29.57084
29,30.88103
37,32.425694
11,15.253712
20,24.614113
16,20.40878
36,37.290874
24,20.50919
22,20.869965
23,24.327389
16,22.02701
44,38.48391
16,24.181381
28,17.642847
29,24.4331
23,20.79924
18,20.8826
18,16.268633
24,24.53687
25,29.040167
19,14.067618
20,18.896044
11,13.432446
34,35.287548
26,26.739079
25,21.216227
31,34.75321
15,16.86
32,35.469128
26,25.119144
25,28.40018
27,24.002922
31,31.155535
35,40.280365
18,21.725353
19,14.800889
47,46.75186
28,32.05028
16,14.577495
25,25.022776
15,17.170868
16,17.321474
16,16.392984
31,32.824295
28,21.56669
18,15.316098
18,15.464467
28,21.792913
24,28.49246
14,14.948483
26,24.586216
17,15.54429
10,14.409241
10,16.1536
37,35.30544
16,19.193882
28,27.468576
26,28.3975
16,18.557962
27,23.44206
42,42.321896
32,30.051895
26,23.842285
22,25.90956
51,46.167343
26,21.106318
15,19.908672
30,28.996927
27,21.479845
24,27.435057
11,21.880001
18,17.687298
27,23.70029
13,22.676987
42,40.690327
39,36.03459
36,32.366943
25,26.567953
12,19.22483
53,41.6889
28,24.905067
41,39.195305
20,19.426342
20,25.79091
34,33.988476
30,27.28311
28,29.560051
16,16.75317
41,37.89834
30,30.861721
33,34.418457
12,15.606956
16,16.247229
18,22.271225
23,27.787928
26,29.226631
47,45.570797
11,14.144508
30,28.210575
28,23.346725
26,20.926725
20,19.102238
15,15.368134
21,22.985752
20,24.234404
23,23.836206
19,18.652014
20,23.073046
19,19.677029
25,28.72129
16,22.518898
26,27.848013
25,24.338186
35,38.101284
34,27.171
21,25.71913
19,21.958935
28,22.577326
13,13.1616
42,45.688534
34,31.569614
26,29.362728
19,20.380976
18,15.606486
24,18.178444
29,32.216633
20,22.883593
20,18.81758
23,25.90969
31,32.264835
32,36.340958
37,40.775116
36,28.025713
21,23.78605
18,18.059786
18,21.235088
27,30.444834
28,27.859266
18,18.776169
19,14.731028
35,38.812916
18,21.521511
11,13.676941
35,37.145996
34,35.65938
26,23.125628
19,14.435027
18,16.32075
19,22.891596
21,25.229334
40,43.72754
54,46.292328
18,16.4369
36,40.360203
27,30.402756
12,15.40876
15,19.364496
48,48.59425
41,46.549988
21,22.124252
15,15.858824
26,26.997622
28,27.076092
18,15.741082
18,22.511118
21,19.966494
30,30.746344
27,24.77088
25,29.943016
39,34.963852
11,14.55337
14,16.538548
18,18.95069
28,22.206123
28,32.81045
23,22.516737
18,23.588236
13,14.736542
27,24.751709
31,33.311745
35,37.530582
32,36.043396
28,25.520264
23,21.420397
25,30.11188
48,43.89695
11,15.290214
44,36.73849
30,29.887833
18,18.896173
20,21.02903
30,26.863895
30,30.508429
21,28.263369
37,36.08969
26,24.365927
20,20.201895
44,36.30775
16,22.402445
20,25.376123
44,38.378452
29,25.090813
22,20.26173
30,29.143644
22,16.631275
29,24.573679
42,35.029346
27,26.363878
38,27.739664
29,21.414389
34,23.329334
15,15.8819065
27,26.760672
48,40.535416
15,21.632969
19,15.120525
15,21.299059
18,18.917585
22,22.137434
16,13.90207
25,21.454021
19,22.808506
37,29.385777
33,38.834274
17,20.097935
12,22.34616
19,18.128119
16,23.84942
28,30.340797
26,27.803104
35,32.370556
26,28.1801
23,25.177858
41,38.127243
10,14.346906
41,36.72183
34,31.249796
33,32.97488
19,15.237972
28,24.422167
39,41.534233
22,24.78378
20,21.670864
23,23.728748
24,25.339577
15,16.013075
17,18.362333
17,18.264067
26,23.416977
27,30.496353
15,19.733038
33,29.925812
28,29.39095
17,15.071801
29,25.050415
18,13.096286
19,15.344804
33,27.149576
19,20.032179
29,28.029633
32,32.04599
16,19.965578
29,33.88434
28,26.310982
13,22.299246
51,45.695618
33,38.058407
52,45.139637
30,38.085743
24,23.790638
25,21.474966
32,33.079323
27,23.265114
22,25.744913
11,15.616258
20,18.80446
14,16.981672
25,22.171577
29,25.920462
19,18.955559
11,14.528639
18,15.40089
19,20.81578
18,15.084245
20,19.67843
29,20.483675
33,34.085564
31,31.61441
26,22.232994
36,31.865795
19,22.046583
19,20.691254
12,13.2567625
29,31.544584
16,18.675838
10,16.999422
25,22.156855
40,41.107822
25,28.60972
30,28.221464
13,15.149111
33,33.28808
10,13.882953
20,23.085733
19,18.084736
15,14.755212
43,43.716377
26,24.738695
19,14.530676
22,19.101137
36,36.285168
12,15.372312
34,36.854683
20,23.395039
28,23.59297
45,47.403294
22,19.817684
28,22.523613
38,34.121662
30,27.976395
29,20.248672
53,35.464294
26,28.83663
45,44.490654
27,24.424498
25,30.017683
30,30.567568
15,14.286496
47,38.453297
34,41.592438
38,32.60332
24,21.786777
40,42.422
37,34.43773
20,23.660433
17,16.754793
26,30.556255
24,20.910952
28,21.120789
27,23.655443
45,42.65411
18,18.888813
29,24.205551
24,26.973305
19,19.690372
29,24.381775
48,39.608223
16,19.188848
24,18.962683
33,28.041245
18,20.340422
41,44.743618
12,13.99072
22,24.011875
11,21.769768
12,13.755735
33,31.253187
31,27.419405
18,19.379175
29,23.378014
33,36.17102
19,22.62874
21,22.302967
25,23.563778
34,32.538586
20,22.224403
21,22.147352
22,24.202188
32,31.49036
17,16.702183
13,15.236293
33,35.228992
26,31.695288
14,15.778442
29,25.882193
37,25.991796
18,20.115168
10,14.359723
37,33.77953
45,39.759407
15,17.396212
20,22.125793
12,14.307035
25,28.042978
24,24.41813
37,40.473824
25,25.370058
21,22.78777
39,33.995148
13,13.427578
15,13.75701
16,17.174164
15,15.340294
16,16.28109
19,23.791437
21,20.516663
26,25.315681
30,30.20415
20,19.011034
30,25.468046
21,24.987318
39,35.37959
27,29.322193
17,17.755049
25,22.278587
32,34.828285
36,35.752354
17,18.49387
23,24.351099
10,14.6426935
29,31.131704
28,21.163279
15,14.71165
11,14.31131
13,19.653152
19,20.789148
30,30.466988
13,16.641985
31,35.826813
42,36.943863
23,23.731592
25,27.701971
38,35.69342
36,27.29293
28,24.210009
11,14.171924
25,30.663784
16,18.796803
15,13.948581
18,19.006884
29,24.976492
43,41.105827
22,25.491928
38,35.64376
28,21.698654
44,35.05707
12,16.96317
15,17.171907
22,19.584333
34,33.875793
18,14.496769
22,25.178974
10,16.028116
26,25.500807
21,24.308887
40,46.6634
44,36.06282
18,19.134949
12,13.511106
15,19.345928
21,23.041748
41,28.588337
37,37.7232
28,29.666824
30,28.11636
19,16.39331
48,43.974125
28,30.867489
15,16.126326
26,27.850912
37,43.348427
11,15.309315
29,27.333097
28,24.836586
34,37.10856
29,28.849308
10,14.745611
37,36.534252
10,13.5285015
23,17.493917
43,38.289776
23,22.921242
28,23.890425
50,46.182476
27,29.194809
25,29.838638
29,26.185102
22,21.525627
12,18.600239
16,17.943268
17,21.841845
47,42.164124
27,27.000835
26,22.608028
43,35.476883
23,23.02368
10,13.5280905
33,34.153168
15,23.818195
35,34.16556
31,35.450684
29,24.376612
28,29.19743
28,23.3975
32,35.853645
19,15.098219
22,22.442589
36,35.46729
28,21.701069
23,21.727028
33,33.47459
31,32.208027
25,24.873625
21,22.534859
23,20.467077
25,30.17699
49,44.65079
19,20.130495
31,27.41364
42,39.489548
11,13.475868
23,18.487268
26,21.418085
29,24.984776
28,22.674385
23,20.432367
48,45.17923
11,14.534045
29,20.915653
17,14.843645
37,32.971992
39,39.415947
19,14.175653
22,17.349174
23,20.39429
19,18.129488
15,19.833456
15,17.42744
21,19.059933
36,40.90498
29,21.887264
29,30.586472
21,23.36629
25,30.315128
26,22.06285
21,23.95089
40,37.106606
23,21.502508
19,22.397015
44,37.41574
21,21.837496
32,32.069027
17,17.172626
10,13.673287
25,22.029745
14,19.695562
53,50.80952
34,34.463665
18,16.817215
30,36.083042
17,17.070696
54,44.65182
19,17.651176
30,37.656345
36,39.194283
14,14.577258
17,14.943798
26,23.8544
33,33.966892
22,23.280937
27,25.43924
15,14.930434
26,24.450516
21,17.736898
28,23.922718
29,22.297478
13,15.401513
25,28.365393
10,13.6154995
35,35.343315
39,36.536213
18,14.845436
10,15.916363
20,24.012602
29,24.797424
28,24.858555
25,33.071068
20,25.079535
28,29.904936
20,23.987043
25,27.300682
37,34.33121
37,35.779823
43,48.66502
42,39.003487
31,36.016174
39,34.284157
26,30.47576
34,36.494614
32,36.454872
28,26.828022
35,40.43921
14,12.573039
10,14.441889
19,22.763992
27,22.595577
16,22.359188
21,25.012505
12,13.5889845
35,40.53189
20,24.763744
30,26.200844
36,36.226513
28,30.842842
52,47.229053
19,19.80967
22,18.884348
17,17.07563
24,20.856245
26,24.494413
25,31.265484
23,21.842405
28,26.977217
36,34.54782
33,34.570786
28,22.514353
19,20.875343
23,18.755611
14,16.232153
24,21.50796
18,15.209188
42,38.75168
19,13.983359
26,21.667871
23,21.765297
29,24.30802
39,38.39081
11,15.281001
27,28.003485
26,20.737112
17,20.70046
27,30.096365
19,22.253836
12,15.070993
18,19.648764
26,24.009722
27,30.446308
29,31.970037
37,41.335133
29,27.18234
25,25.749163
25,30.894857
18,22.82069
42,42.14868
24,22.375278
24,20.132757
36,30.234707
27,28.13757
15,20.864487
26,22.764744
34,29.708532
30,28.352514
16,14.325213
15,18.892056
16,18.453976
35,27.842747
24,20.29294
14,18.896616
39,39.90568
22,24.381874
23,17.33536
30,27.437231
31,32.54542
24,21.011042
28,20.10108
29,23.06143
29,25.491947
29,20.52607
23,23.687798
20,22.096916
18,19.768156
18,15.245295
16,14.152613
13,18.016434
25,28.913054
18,19.172556
15,16.037247
41,36.172234
37,40.099777
29,24.475163
28,27.277082
30,29.791475
19,17.800085
37,24.510593
25,21.592857
35,34.561516
34,34.95498
14,15.594742
23,25.03896
27,30.431236
11,14.236027
19,16.8078
21,20.673279
18,20.954777
48,48.735184
18,15.009665
31,27.181665
32,35.274372
38,43.102497
28,23.556416
22,18.599594
31,34.963272
18,18.68886
24,27.82519
23,21.127462
20,25.082281
39,36.72233
40,45.750366
12,14.143374
39,30.809088
35,32.415405
28,23.533442
34,37.13479
41,43.532013
29,22.917665
27,21.939354
28,32.373947
20,18.097624
13,22.138895
17,14.328746
33,39.765728
16,21.981596
44,34.426353
42,45.86053
20,19.842855
28,25.677872
31,32.78247
23,23.185305
24,20.7286
39,35.74336
27,29.314905
27,20.303757
29,30.355358
18,19.362646
35,37.343616
16,15.560085
16,17.669724
19,14.5179205
25,21.308437
27,24.185486
25,29.760015
28,24.111494
24,24.945595
29,25.16442
13,21.175098
36,34.688858
22,18.954943
22,25.091988
27,23.311953
15,17.76163
22,23.02671
42,38.37779
24,19.202013
28,26.427492
38,37.06284
43,28.453283
21,24.806314
23,21.791058
20,21.090645
31,34.145756
13,14.803032
16,16.635668
29,27.185127
24,21.620657
12,15.288828
17,13.74081
27,29.811806
15,23.89096
19,16.080105
17,16.30971
27,21.905891
53,50.513706
54,53.37493
33,34.466217
21,17.475065
32,35.584465
29,29.49568
29,25.688253
15,17.097626
25,30.338184
26,22.063658
13,15.480625
18,22.83584
18,18.175646
35,34.225533
20,20.085175
27,30.416117
25,23.71051
27,22.330828
39,39.356686
11,20.615986
19,19.473526
28,28.738947
31,33.31603
21,21.701303
39,35.21511
35,39.808594
34,36.40392
22,18.858135
34,37.37046
39,40.037712
19,16.162674
28,28.216595
16,14.941719
38,38.842926
32,34.822327
21,19.496723
17,16.026432
21,20.343851
20,22.586906
33,35.473484
22,22.574015
17,22.700329
14,15.371934
16,18.013823
37,35.914192
39,37.249077
15,19.896181
36,41.592663
16,22.432404
44,44.485683
29,28.834808
39,33.759563
34,34.314346
22,26.242752
27,21.961857
37,37.689438
25,26.11078
28,29.107275
15,15.903544
32,36.45565
25,23.56306
12,15.754595
14,12.477871
24,23.430336
15,17.686203
47,41.276855
29,25.05077
37,29.473269
30,28.78722
36,30.942635
27,25.908388
27,25.750444
12,13.584682
20,23.879694
30,28.697243
15,16.567017
25,22.774921
33,34.109764
37,34.130302
44,36.609768
47,45.13894
31,28.326866
12,14.665063
28,29.123787
21,22.77635
28,27.231134
17,19.504593
14,14.546828
19,15.706464
28,24.583706
36,37.849438
45,44.06051
21,27.326014
44,47.32486
19,14.659391
27,25.525381
30,28.39766
17,20.951004
15,14.150216
43,37.811638
25,30.445913
10,14.992009
14,14.761281
26,20.817125
27,27.32768
30,35.95596
42,47.444656
20,28.62324
33,28.625044
24,24.347033
37,34.648598
23,26.33335
40,34.05714
39,38.26555
22,20.397512
25,31.251747
30,27.248583
14,16.087168
22,18.573376
44,40.536446
16,14.33178
32,33.19359
15,16.787859
26,26.80874
25,23.317633
20,24.564182
31,28.611506
23,22.688133
18,14.496631
24,22.866781
36,38.083942
28,25.495552
45,36.337547
14,13.385834
40,34.336292
44,37.156487
16,16.194675
38,40.132473
25,23.01142
21,20.604094
10,13.653965
45,35.14633
31,37.35686
20,24.725622
50,48.01958
26,24.064987
17,15.732916
28,23.985197
31,37.1511
21,23.17189
12,13.533998
25,22.590803
26,21.403927
11,13.776148
17,19.103254
29,28.481218
41,39.80373
35,33.85461
44,40.96547
14,15.728147
27,25.900192
25,19.192217
22,23.127293
16,20.292986
23,25.035301
34,34.816486
20,28.630198
34,25.84097
17,18.653913
30,31.477692
28,23.819372
39,35.831707
26,27.534323
19,21.9402
18,14.41248
28,30.456532
14,15.50894
22,25.008533
29,25.536562
38,34.824142
17,17.44295
29,25.4433
21,23.23997
20,19.314812
29,28.602667
48,41.128235
36,32.832108
23,22.924093
30,28.85759
21,25.304304
16,13.064692
11,14.572982
22,21.861181
25,30.67381
34,30.230896
53,44.546787
22,27.663803
42,42.68348
27,26.068108
53,51.920235
19,20.483519
11,15.775609
14,16.028944
26,22.25758
17,17.715248
44,46.12837
12,13.523361
15,14.527749
20,21.745293
30,29.953762
24,22.941757
38,37.495377
10,14.781042
26,26.241087
33,35.36971
21,24.29709
26,28.801188
11,15.572653
42,38.132195
32,29.172495
42,43.154694
35,41.20967
17,15.4040165
47,37.03357
36,40.608467
18,20.852757
16,14.34722
26,31.013973
18,20.98686
23,22.895939
27,27.523666
44,42.870533
24,26.379644
34,26.967342
12,15.131679
49,43.903442
25,22.117619
26,25.566708
21,24.497038
33,25.405842
30,30.96755
36,32.151352
37,33.976376
42,30.009102
31,28.028566
36,39.37057
12,14.337069
31,26.020775
36,39.15521
21,22.590448
11,13.50065
17,19.024437
37,38.127953
15,20.269184
25,21.304611
20,19.30874
36,40.60471
30,27.453825
29,23.658949
15,21.13385
15,20.381035
40,40.46663
35,38.8939
18,13.389848
23,24.218088
23,24.879465
28,24.86951
28,26.929121
14,18.465715
28,28.02907
48,46.74171
39,38.271618
22,24.928663
38,37.056046
24,22.472885
47,47.046844
49,39.797867
26,28.19202
25,24.809574
39,39.796474
45,44.81375
27,28.38195
41,39.303474
21,20.406822
29,24.689402
47,39.70831
31,32.604897
30,28.605534
21,23.938587
32,35.670303
18,21.709557
21,19.567839
14,14.275677
17,19.74402
37,38.948273
29,28.119392
18,18.000332
48,46.15272
21,23.302828
23,21.204561
23,22.094118
21,20.102573
45,42.749157
42,43.45257
45,41.05553
30,26.996254
39,38.687695
29,28.532368
46,39.711845
21,26.678217
29,24.403912
35,32.4838
30,24.861946
29,21.98022
29,27.903769
10,14.9771
18,21.681105
15,21.855783
30,25.203472
12,14.512739
36,37.84067
23,23.569832
15,19.230217
51,46.701687
16,16.288437
13,12.866875
23,31.98591
28,28.57428
20,22.830173
25,23.53271
42,36.788376
28,23.055763
22,17.941666
29,31.341381
28,27.300293
29,20.681639
14,16.124027
22,26.014942
33,43.478046
18,22.387497
19,23.720015
26,23.630684
19,19.126295
31,32.59137
28,19.415802
43,34.97587
29,23.127356
21,21.07303
18,13.534746
20,26.23257
28,28.991013
31,30.086481
12,16.071257
12,13.44325
39,32.019707
39,41.281372
28,23.049053
12,13.266627
35,31.000008
16,19.073252
15,14.823092
22,20.01136
28,28.973925
31,31.620832
20,21.60546
14,17.700138
38,35.217716
13,18.278446
28,30.68571
29,23.44188
18,13.500799
11,13.859619
23,25.023102
16,15.516868
26,28.623959
24,23.93784
29,19.264482
32,31.427671
26,25.12013
39,39.120354
25,27.559753
20,23.703274
29,27.72909
17,18.592653
24,26.35512
26,29.193855
35,28.212738
34,38.690414
24,18.080002
41,44.698303
34,26.44099
24,23.352978
37,36.76308
19,18.420343
32,34.816383
18,15.375876
21,24.59678
18,13.975217
27,28.31839
31,34.699917
14,13.354546
26,23.823132
15,13.80706
20,20.5675
36,40.55925
24,22.138596
17,20.8174
32,28.161657
19,14.493747
10,13.458749
24,22.698545
41,40.431362
35,38.75481
31,35.586227
20,23.990759
32,34.45752
23,23.52184
17,13.080052
20,28.030436
17,14.824973
28,25.094389
23,24.748236
37,41.0428
17,14.796692
41,39.63071
22,24.23124
21,25.029638
20,24.673252
18,15.076761
16,21.556305
37,34.823433
29,24.372223
24,22.334084
19,13.53386
32,33.327038
19,22.649921
33,34.989105
33,38.625984
49,48.621433
17,18.02463
41,34.606476
23,17.803844
25,31.007532
19,22.135649
28,29.22712
46,41.50687
33,36.02049
27,21.947659
17,32.117924
11,26.561422
15,15.313224
31,33.352886
19,18.198942
28,23.190308
15,13.638617
29,30.257557
22,26.272821
19,17.992685
16,18.60137
18,20.88983
23,19.020464
37,30.441696
17,19.22389
22,19.104332
28,22.679789
16,13.588104
44,44.499386
27,31.927202
37,33.5588
28,29.702745
32,36.552166
22,21.471754
22,23.490564
19,22.847084
12,14.667605
26,23.095753
31,27.196157
31,34.274708
18,18.536724
15,16.088032
31,22.949833
26,27.711506
20,21.398376
19,21.299532
27,24.173014
29,24.983759
33,36.26343
32,36.25029
10,14.297085
24,21.166119
27,24.496067
31,25.297373
40,45.62638
25,21.296694
24,18.076807
48,49.407284
20,24.782404
31,32.954426
49,42.604214
26,23.068447
24,21.841595
39,42.1473
29,23.360733
18,16.823061
43,38.953434
22,18.318716
25,21.656174
39,34.6981
18,14.975293
22,25.113726
37,29.85962
22,24.332014
28,24.790964
43,38.440083
40,38.73178
34,34.795322
38,28.76376
28,15.2225895
28,21.552305
15,17.481016
27,21.165087
16,22.90548
38,38.66357
30,33.15787
23,19.242718
31,30.145603
15,22.545715
29,32.302525
15,19.279856
29,29.928072
21,21.923506
17,16.41778
23,23.953875
34,23.988222
45,38.82148
16,17.888668
29,21.859934
32,29.569267
20,25.16429
34,35.133488
21,24.429178
18,23.489574
30,31.668781
32,33.917503
28,24.76261
29,26.200848
16,21.259981
43,38.97785
26,30.93783
47,40.54841
41,36.895298
19,22.47888
21,19.367594
22,23.186213
27,28.89228
32,37.16434
30,28.611998
38,29.513779
26,19.48031
23,24.865404
41,41.02804
10,16.154999
31,28.1086
44,37.1041
24,24.029696
26,23.053701
16,15.859383
12,13.347474
19,17.09762
26,27.84388
31,29.207253
16,20.142815
34,34.25846
26,25.576967
20,21.40187
32,32.944992
15,22.163797
19,16.007559
19,25.345064
10,20.10235
11,14.955132
26,23.510218
42,36.4232
22,24.12389
17,23.020596
26,25.174631
28,23.113588
46,46.095245
34,33.672596
22,23.901125
43,35.180424
18,18.123201
48,39.58307
37,35.984276
33,37.22961
18,16.584066
29,30.536196
12,14.632786
22,23.505241
32,34.18052
18,20.413641
35,34.862526
18,15.567393
19,17.614666
24,24.660131
28,20.481098
37,34.7235
53,49.923405
15,16.816622
22,24.738197
26,24.573679
22,23.020584
19,14.312844
28,22.02943
42,37.001915
28,22.712866
37,43.791584
33,28.098457
26,29.713036
16,18.888803
22,20.093916
26,21.677177
24,25.363066
27,29.930773
20,26.195314
15,16.455275
22,23.891998
34,31.06924
11,15.773578
18,14.021228
12,16.986633
26,31.405909
10,13.830573
11,18.954605
20,20.78555
49,46.157406
39,43.826817
16,19.837757
28,23.669043
19,16.757885
19,14.9465475
20,18.260609
18,13.358296
23,24.251919
32,26.157911
19,14.98059
15,13.974275
26,30.64003
19,13.723608
27,26.805777
22,20.40899
31,37.296154
20,23.079409
32,40.613907
33,34.598717
29,24.05368
16,16.551573
41,35.8371
24,23.606432
31,34.364925
29,23.978458
42,34.013416
26,23.260557
10,14.387143
17,14.68566
18,19.341547
25,19.598028
42,39.92353
13,13.647175
40,41.33007
28,31.039904
30,28.05095
28,28.56457
19,16.007992
40,39.94318
33,28.486979
21,23.492146
20,24.602089
24,26.054
49,46.924553
26,23.740473
20,24.281158
14,15.802087
24,23.526373
32,28.441185
27,24.620079
33,34.64444
38,27.057356
44,39.663338
25,29.333504
26,25.629694
15,15.455878
26,27.548958
20,25.259573
25,21.68351
25,20.470928
15,15.539975
28,24.628525
25,30.227097
26,27.817472
30,28.4359
38,36.901855
10,19.60282
28,20.00033
32,28.594389
23,17.963615
26,21.162561
29,30.563828
36,33.9512
28,23.61357
42,43.29741
27,25.540375
29,30.430994
53,52.30022
25,23.713348
25,27.078272
26,19.145697
38,35.202293
18,14.45972
16,17.242662
33,27.357527
23,24.444466
27,19.822529
29,27.56278
30,35.75091
21,23.753124
19,19.084461
16,16.354612
39,36.38439
37,37.827164
25,25.332476
30,35.268127
14,20.566074
13,16.896004
16,13.694717
25,26.653097
10,14.533881
28,26.053892
16,16.72043
21,21.167421
30,30.059956
28,25.034807
34,35.875446
13,14.2156
22,19.852337
37,41.103592
16,18.721958
20,18.259605
32,29.558575
12,13.340306
15,15.783279
27,25.366777
28,29.76316
23,21.616823
46,45.983307
36,39.0657
16,15.141639
14,14.7447195
15,18.88648
19,17.798372
27,28.304203
18,14.548162
38,23.595713
29,25.179918
30,32.503376
10,15.658749
29,30.670277
16,17.384718
15,20.346273
42,43.315594
23,22.356562
18,16.496056
29,28.155281
25,21.060448
15,12.248716
53,46.543644
29,22.372803
11,14.360243
30,30.012402
16,17.69047
26,25.089859
25,29.345737
34,32.67105
19,19.753351
27,21.45659
27,32.122528
26,22.448606
19,16.658064
34,33.815086
20,21.46513
16,22.034565
23,24.052925
15,21.45845
21,23.039717
25,27.276793
22,26.595224
13,14.143239
26,22.256474
40,42.827686
15,17.659422
27,26.77516
18,22.657063
41,38.795246
39,35.60642
48,43.41719
22,22.33115
22,22.420004
15,21.245855
49,47.75569
21,23.57676
37,39.804127
14,15.597612
13,15.279012
17,18.039995
23,30.162088
14,15.187729
24,25.062136
18,16.876944
15,16.892864
17,16.08891
28,29.4298
37,35.72513
42,43.924297
23,23.832201
29,30.45333
43,35.888123
15,19.210543
20,19.574238
34,35.855717
17,19.523151
26,21.852863
23,24.082376
37,37.954967
13,20.366695
29,31.029373
27,23.427652
23,24.717611
35,32.913452
25,24.627306
16,14.986102
19,20.51428
13,23.840803
14,14.876928
31,36.054367
22,17.460365
39,36.27842
21,23.328564
22,27.97975
15,18.923761
35,34.132175
23,25.55914
34,34.302742
24,26.003881
22,19.165678
19,23.825436
10,15.854735
15,22.436914
30,37.10386
21,20.643389
31,35.501892
12,14.919845
20,24.066551
38,44.271492
23,23.545418
31,36.66368
12,13.876435
31,34.22562
23,21.186264
16,22.683868
20,24.533733
22,24.583998
28,31.810633
26,23.669958
15,19.895916
23,21.61279
28,30.2474
28,29.992407
42,35.540302
18,17.676949
37,42.356354
38,34.40703
16,23.512259
17,21.66204
40,41.522057
35,39.2432
32,38.009445
41,36.534275
10,14.035227
25,21.89826
25,29.979065
14,14.798009
32,22.135746
49,38.577023
18,22.682716
26,28.309326
24,28.234873
25,28.826601
13,15.137882
34,29.049854
41,40.765747
13,14.767958
28,29.339386
38,35.945293
46,40.938663
41,36.89023
46,46.450855
27,21.410896
40,36.99062
36,39.54657
37,35.221245
38,37.277374
16,19.791704
28,21.43593
12,14.028001
33,36.683926
33,35.238777
32,36.405952
31,36.567657
27,27.65867
16,15.230326
26,36.742207
35,34.202145
16,22.958223
18,17.404112
28,24.645025
26,27.729391
13,15.328377
25,27.603033
25,26.5462
26,21.772373
25,23.974113
24,17.824753
20,26.347803
15,14.500247
15,19.549852
28,24.828112
31,34.629967
36,37.87564
27,24.262062
29,25.84674
29,22.282713
32,32.357296
14,15.369953
29,19.713488
16,24.511024
17,18.86735
16,15.246914
32,32.347443
31,30.04648
39,38.519352
26,23.03673
16,16.928965
26,29.29085
26,30.044657
18,24.406721
31,34.44071
39,35.404194
18,16.605814
30,27.355824
21,27.470003
34,28.97361
17,22.721558
15,23.257792
25,23.590921
38,43.721863
13,15.571119
20,15.5267515
20,26.790655
19,15.036786
16,14.181388
12,13.736052
19,21.944368
20,24.670778
24,24.436363
13,13.077276
21,20.084885
22,24.940577
27,23.454588
28,27.991522
22,18.60486
33,33.643894
25,20.61295
32,34.028534
31,30.197971
38,38.391106
40,48.11894
36,36.056526
29,22.012642
48,39.812973
40,43.173824
24,21.780128
50,46.585236
12,13.115196
18,17.612165
18,22.668678
37,38.073357
23,24.008263
21,24.191523
41,36.729164
25,28.171883
30,30.681355
16,19.76005
19,15.112377
15,16.40067
26,30.208338
15,20.045937
32,28.114117
21,25.792747
35,42.534134
16,17.865162
16,16.657743
24,24.439371
21,24.324642
18,23.09889
29,27.793428
18,22.692984
17,16.89932
31,36.84942
26,29.840576
23,25.185291
15,19.180534
32,31.009516
38,25.572783
16,14.671873
14,15.416624
26,23.694511
21,20.90418
20,20.519156
10,13.831806
25,28.525438
15,21.321886
35,35.75935
37,35.29419
26,31.77183
41,32.27715
22,22.66469
25,27.478008
11,16.511911
28,31.355394
21,22.8733
25,32.71728
26,24.865934
24,24.588816
17,20.361166
26,29.436357
11,16.058979
27,23.748259
13,15.094789
17,15.550689
25,33.809906
17,19.62046
49,46.559673
33,38.140934
50,47.970417
25,24.441296
36,36.101986
25,24.369514
12,14.873979
23,22.806177
18,23.309046
24,17.833328
18,19.462196
23,22.121166
34,36.230934
45,41.57935
36,37.92888
12,16.122295
32,25.697176
18,22.11032
22,21.304146
35,30.466663
38,34.422493
18,18.65616
15,20.787113
25,23.299877
36,40.499527
24,20.50244
38,42.55643
24,22.00143
18,17.650063
14,16.652279
12,17.10724
22,24.793028
41,43.709698
18,22.778849
10,18.248127
28,22.334595
24,24.43442
37,39.543262
19,22.667706
22,18.235518
40,43.3039
29,26.950937
23,24.518173
31,37.661606
24,24.556696
34,34.407207
43,45.34417
21,22.969725
18,22.302471
44,42.574623
32,32.14386
17,15.581794
33,30.692501
26,28.779171
30,28.742208
19,18.139517
30,24.470339
37,29.691504
14,16.095163
29,25.13906
22,21.301079
17,15.21006
20,20.066723
21,22.249304
25,24.126417
17,15.387177
26,22.579254
26,22.76733
17,19.434038
25,31.031242
48,41.871784
24,21.797314
31,36.129726
22,26.044455
40,43.800068
27,21.057383
24,21.609539
22,25.507278
16,17.172987
51,46.45357
23,21.14799
38,37.447403
20,25.042307
34,29.802252
31,35.307796
19,16.739517
25,30.471802
19,17.11044
26,28.538994
15,13.273252
24,24.869665
22,24.130098
29,21.103373
40,36.87442
29,24.88417
23,21.10184
45,45.879627
25,26.434216
24,23.733122
25,28.357319
49,40.805096
34,28.250336
42,36.803165
38,34.51699
20,25.308578
34,33.46761
50,51.11893
27,23.626217
18,17.44546
27,26.336046
24,26.670158
15,13.984586
31,34.48391
36,35.866447
24,23.1778
15,21.606346
31,36.221806
18,14.399509
20,21.68586
27,23.09772
34,35.991737
29,31.391127
44,37.588024
33,32.35116
27,21.658394
35,30.02022
24,24.103617
22,20.06621
36,33.981415
18,16.4093
20,22.711645
23,25.859043
23,20.88473
36,39.87001
29,28.050531
33,32.113922
31,39.2414
18,14.4869795
21,24.23316
20,19.163326
14,20.270937
28,28.645329
16,17.427664
19,19.989511
27,23.707792
23,22.783844
36,34.761017
37,35.241367
44,40.4747
15,14.599613
37,34.91382
10,14.674081
19,15.068911
30,29.22525
34,31.344965
17,14.506181
53,47.415497
30,31.331984
26,22.10015
15,14.436338
23,22.430027
29,22.092728
10,14.672727
15,18.488934
43,33.264328
12,19.988081
16,23.148174
25,24.157467
21,24.623446
20,18.797606
16,15.718416
17,24.286047
29,24.044462
34,26.712719
16,18.913425
11,13.978786
21,22.468548
29,30.233309
29,26.117916
34,37.10792
23,28.863585
17,16.634975
27,25.519772
29,35.171906
34,37.092102
17,16.534746
19,22.438662
16,18.609539
29,25.080366
14,13.579423
44,34.85351
27,32.021698
25,27.386501
29,27.626675
36,36.880054
17,14.718389
27,25.382505
23,23.770498
34,27.70559
32,35.907803
30,37.454372
27,28.640854
34,37.63259
30,28.110474
37,37.312656
27,24.918476
33,36.627224
16,12.952793
16,19.331036
23,19.583933
18,16.910797
18,12.789438
27,19.270844
46,41.17858
21,23.087471
12,14.583747
29,22.94159
18,14.044529
28,28.67402
16,23.530848
33,36.729286
34,25.870316
18,17.302647
38,36.156475
29,29.656246
25,24.199594
13,15.449049
28,24.351192
18,14.928468
35,29.918493
38,41.213337
32,36.083553
38,27.531162
20,19.21688
16,19.962683
40,36.48788
21,22.388319
28,23.675653
28,25.262348
39,36.96377
14,14.424347
18,18.68812
17,17.753998
26,25.620794
26,21.119146
38,40.91091
26,21.872917
24,26.902224
18,16.942692
24,22.507082
35,29.159058
21,25.205763
24,22.630323
17,12.770254
33,27.509388
26,23.82748
26,21.568348
37,33.872425
24,19.37173
48,39.85818
29,23.960562
11,14.01289
30,26.308537
12,15.50644
34,30.75066
27,23.624212
33,29.76363
33,32.894955
27,25.197807
38,33.603207
15,16.223911
24,23.806345
15,16.961756
27,21.355743
15,15.508921
25,22.458645
24,18.80391
33,29.510113
34,30.175339
19,17.98532
29,30.439108
49,41.504913
17,20.563057
44,37.287453
35,29.846321
16,19.94954
17,22.34787
33,28.91277
32,30.769817
21,29.557316
48,40.070118
21,20.81732
43,35.95466
22,24.317482
36,36.363033
38,41.264633
20,20.189817
23,21.624723
24,22.47149
16,18.151096
18,17.545015
20,20.089697
27,29.614138
14,14.812093
27,24.148207
31,28.277517
28,26.864017
44,44.008797
15,14.722334
35,39.449146
16,19.367857
18,17.374636
22,19.366724
23,18.81375
10,13.560975
24,24.088518
28,28.71902
29,24.697733
26,28.665295
28,28.07559
15,17.468967
18,14.095603
25,22.20138
19,27.436106
21,25.687487
29,31.277765
25,28.156435
21,25.167992
28,27.359894
27,32.406677
38,35.209568
34,35.466454
22,24.885107
44,48.245865
27,24.76139
25,26.329676
27,28.653542
11,14.68868
21,21.67271
39,35.150642
13,14.027307
29,26.115015
29,25.255789
17,14.604499
34,33.825775
26,22.199865
21,18.946796
15,23.394577
21,26.851973
18,17.995962
43,43.70758
28,20.680876
36,40.294746
30,34.02411
10,15.089303
25,22.2534
39,39.6433
33,36.28213
18,19.334867
18,16.23906
30,29.726162
18,16.715195
10,16.608501
32,35.413956
27,29.321978
28,24.058764
30,27.251297
22,28.729586
17,20.72945
28,30.041718
23,24.058067
22,25.984663
47,37.34472
24,25.438179
27,27.68983
10,14.413162
23,24.95573
17,15.337125
12,13.911192
37,36.877373
22,26.48268
19,15.403211
18,18.90733
17,15.523436
36,41.66508
16,19.68904
14,13.024921
25,22.337408
21,27.33378
33,33.798435
37,37.298542
26,25.97171
13,13.119772
10,13.353394
22,22.060596
26,22.359715
32,26.74313
22,19.296432
32,36.89686
17,21.026775
19,17.809864
23,23.000267
31,29.60118
29,31.397507
33,28.879158
11,18.31712
26,25.218613
32,34.13736
16,21.129133
31,30.625076
14,19.048525
46,45.10288
20,26.151558
51,36.88197
24,19.317766
19,22.812887
22,20.019232
21,18.935207
26,23.03172
23,24.277418
11,13.253121
24,19.136936
16,16.252466
28,22.413214
29,25.918701
20,21.436949
15,19.260466
17,15.491055
22,23.348936
19,24.345884
19,18.051682
10,14.719109
32,35.191017
24,26.866856
30,34.139103
29,29.813843
32,34.866905
43,39.143013
26,24.506954
10,25.086983
44,37.010014
34,33.096428
27,28.684261
23,25.69957
23,21.511414
28,30.049105
26,29.439672
41,39.978916
37,35.476803
39,34.261337
28,25.100422
32,34.664627
27,23.722878
16,19.19986
25,24.545734
34,32.30461
23,20.770359
28,24.117624
36,41.719505
28,21.469975
23,24.25017
38,38.99206
48,41.48647
29,24.473799
27,31.577047
33,29.153347
24,21.548937
29,23.977495
39,38.041775
32,22.839367
13,15.260784
14,15.795814
39,28.77575
27,23.203127
54,43.58743
33,31.46363
43,46.80747
38,35.461243
28,24.1962
17,17.874197
19,19.212236
16,15.485778
24,25.939249
10,15.67214
37,33.43182
21,19.310888
10,15.02497
13,16.102938
39,41.7872
40,27.643314
27,24.174467
32,34.527275
43,40.15568
25,24.817476
26,24.28636
46,41.60538
27,31.629133
19,23.119423
27,23.142902
25,23.55443
44,40.367146
13,21.120977
37,22.76748
34,35.835094
15,17.370247
21,24.194431
30,35.57213
15,14.04683
26,24.322182
34,33.91915
18,13.436806
32,35.835754
24,21.403261
28,25.588785
11,15.901947
21,22.349371
27,22.393763
27,23.895964
25,24.928223
16,19.33623
28,26.005148
30,27.827547
29,28.648346
46,38.114075
33,38.68745
30,26.219193
17,17.034267
15,17.982376
46,41.217777
38,42.30341
21,28.90915
31,37.05562
43,36.297005
38,38.644325
15,22.897745
26,28.621355
49,46.46778
25,27.89265
19,20.492802
49,48.4855
17,17.964048
30,24.996908
19,17.176912
30,30.447956
19,15.271477
34,36.817577
19,18.98227
42,41.622803
16,16.10446
37,26.943985
24,19.267477
18,22.674063
25,30.870241
30,28.991756
29,27.559181
18,14.140691
28,28.527363
16,13.6892605
41,36.66422
33,32.69392
17,23.755486
24,21.068195
27,24.227827
31,35.15698
25,28.680359
13,13.840635
46,40.597736
15,16.142962
23,22.925253
27,24.773098
30,25.284845
19,13.767239
17,15.391471
13,13.827021
13,18.352005
17,14.4590845
18,14.604838
36,28.839558
10,17.36975
22,20.628668
28,23.314293
10,16.865282
28,23.90349
18,25.002354
18,21.254656
33,33.87742
29,24.251308
34,32.310413
10,17.915459
23,24.601433
28,31.956636
15,20.268888
35,34.611374
13,23.452393
26,21.737587
16,16.898577
25,23.945677
39,38.91113
20,15.493269
11,16.24623
29,30.274837
38,42.753437
34,34.26182
26,24.060621
19,16.069597
31,27.538017
24,23.29968
21,25.099865
31,27.96404
11,14.623258
34,34.301613
16,16.161371
30,26.854063
20,23.46433
11,15.739443
45,48.61583
25,27.483425
17,14.770139
32,29.556448
15,18.696547
16,13.983478
22,24.442173
31,21.996433
16,20.30188
15,17.581678
24,22.482798
10,13.862443
43,40.614548
32,33.52138
18,23.464548
21,24.375198
27,29.805614
36,31.754448
33,33.710754
22,24.139973
21,20.03111
12,14.726596
29,24.287405
11,14.619451
29,23.75379
21,22.770506
23,20.554781
44,36.330414
25,21.497732
18,17.197092
13,15.347631
28,21.286404
27,26.615559
47,40.68693
33,36.176785
35,34.500324
34,31.512064
43,35.67346
15,24.181555
11,15.561307
14,21.68894
22,24.210756
18,15.368555
42,45.739967
25,26.42714
28,28.00283
26,25.02943
41,37.342373
30,30.65517
17,16.500935
21,24.571342
20,23.82982
19,19.263268
22,19.993402
26,29.923843
25,30.211784
44,39.086422
20,23.348242
22,21.464731
27,26.487219
32,37.97164
35,36.248905
33,25.58214
14,14.4086485
21,23.703812
26,23.625048
45,42.95867
15,16.995468
29,29.315397
29,27.89629
32,34.461533
28,29.482315
20,23.41552
32,33.218155
14,15.75248
16,18.612543
27,25.38937
22,21.239534
29,28.06835
17,22.24497
27,21.079407
14,15.200208
12,14.092378
39,34.25009
23,20.543919
23,26.074453
18,18.8425
28,24.766418
40,38.984913
17,12.925862
29,20.696072
30,35.853024
25,29.531418
42,40.22997
31,33.406586
43,42.90715
37,33.935024
18,12.313781
34,36.58326
25,21.533466
19,23.46162
14,15.131564
29,22.433914
36,34.62635
29,26.199862
29,28.639992
22,23.675213
23,23.78326
17,19.686237
23,27.331715
32,33.919254
44,48.462006
32,28.98414
24,24.0637
19,15.328497
15,14.1359
12,15.038218
24,22.909218
25,22.190805
35,38.323288
48,49.431114
40,35.52758
16,13.629761
25,21.826101
10,18.86309
41,45.977314
23,19.377935
48,47.67558
17,19.416803
44,43.53199
32,28.009012
22,25.369297
29,22.896551
17,14.575689
33,29.58999
29,24.776516
30,29.579123
31,33.776863
36,29.745558
26,20.635115
15,22.977077
28,26.785519
20,19.091772
31,29.49458
11,13.576622
28,32.588787
24,21.444227
34,29.338926
16,22.025736
45,46.82467
36,41.355602
42,35.980385
20,25.39582
23,20.280663
11,15.543922
33,29.387661
33,37.203182
26,23.552002
20,19.38354
44,42.186703
45,41.69096
27,22.520832
43,39.89531
22,24.747538
17,18.317781
32,32.985054
34,35.72845
28,24.798302
16,15.172084
23,22.75278
21,20.734617
18,14.737091
17,19.23779
15,21.123983
31,31.1196
25,22.23773
20,24.778704
24,24.93891
28,26.957083
27,30.184044
25,21.93405
26,28.082876
29,22.838074
20,25.3105
11,13.531286
21,23.051039
44,41.119034
31,30.95232
30,28.024523
15,13.558004
35,34.89032
19,17.237482
13,13.63008
15,17.752626
20,18.621178
33,32.780914
24,21.497913
24,25.381666
40,36.185818
16,17.17374
10,18.430859
16,16.734211
13,19.30548
45,39.50822
36,38.847088
31,34.21035
26,29.081469
24,22.90308
17,22.599815
11,13.300119
42,40.846626
18,17.91215
34,35.462322
24,25.3525
29,30.157103
33,33.12438
20,22.154123
24,21.272552
15,14.538712
28,22.862497
19,17.350393
17,18.564255
26,25.08766
35,36.316807
31,35.006947
46,46.74192
19,16.414814
13,20.464808
21,19.39383
22,22.57429
39,36.70222
16,22.691244
34,34.334885
50,49.403217
26,24.509691
28,30.323034
26,28.072998
19,20.260292
34,22.562937
19,23.01191
36,39.445187
26,25.272839
31,36.333595
11,14.150147
26,23.194582
14,13.244567
14,15.511083
47,42.43122
14,16.578348
30,35.532616
29,21.02514
17,19.225262
25,29.082975
23,21.327078
14,16.088287
42,35.315804
29,28.016485
27,28.739792
37,34.069317
26,28.851255
17,15.247185
30,27.40838
13,15.996946
24,20.51639
31,37.141552
11,14.717676
11,13.831634
30,29.00123
24,21.204805
29,29.479
17,26.247786
21,23.044067
31,35.53202
20,18.734978
28,27.482
16,17.559807
29,25.06406
19,18.062628
17,15.436536
17,20.626366
54,47.788235
27,25.881374
11,12.66477
12,13.272878
25,30.169117
24,26.248846
27,22.007782
27,24.769083
36,36.311176
16,15.399086
25,26.974247
21,23.914082
43,40.69724
28,25.371906
21,24.121265
23,24.383526
27,26.638824
22,23.021332
28,31.754387
15,20.297073
17,18.971848
19,18.403173
21,19.585884
40,39.025887
19,22.813677
16,24.552444
34,37.08425
17,17.781467
25,21.628603
21,19.337475
15,16.227234
18,19.48049
25,21.187464
43,38.29897
26,23.526657
28,17.653715
13,13.878233
12,13.3806
17,17.263258
24,18.165318
39,37.85079
20,24.020233
51,46.981342
26,29.208633
30,29.077686
33,34.79856
39,35.04202
12,14.251044
27,22.53636
24,26.029129
23,19.596077
17,19.751022
39,26.664766
31,34.3986
28,28.675463
11,14.395593
49,47.539555
27,23.114456
26,31.74917
17,19.409693
16,19.882479
20,19.78845
34,36.533672
18,22.11427
23,22.95229
23,20.609037
27,22.68802
28,27.783964
28,29.396538
18,20.568525
33,36.487595
19,14.785189
22,22.734512
16,17.11754
44,36.346054
39,30.812744
18,14.027923
15,21.17432
49,42.027115
17,18.92321
36,42.92291
16,17.284369
29,22.636175
31,33.606907
10,13.891595
16,20.926973
46,39.922436
18,18.192854
31,26.69078
29,24.7997
12,21.3119
28,25.466015
37,35.425587
16,19.280222
22,21.020687
28,22.989185
38,35.97957
10,14.177304
32,25.392101
51,47.628685
23,24.669271
18,22.622356
48,45.39777
26,28.2603
33,32.09136
19,13.473395
31,19.805676
17,19.165043
15,20.248987
26,20.957874
34,30.378784
18,13.295433
32,28.417948
18,15.518897
16,22.469803
29,28.796978
46,43.32674
33,36.670334
10,13.45634
40,45.376343
28,28.768414
25,24.545887
26,27.493065
38,35.152424
31,33.71191
23,27.85876
14,18.494543
29,29.650726
31,37.778618
16,23.910816
34,28.572987
20,26.313372
41,46.67026
29,28.334478
33,33.228924
26,29.675379
17,20.58539
28,27.011312
52,45.5761
28,23.791296
16,15.283535
27,24.384134
27,26.701546
13,19.560091
27,24.719875
37,35.547615
23,24.308247
34,29.617235
33,36.14568
24,22.80022
23,21.022892
23,23.31336
27,21.780516
18,18.485106
24,22.390823
17,15.152442
38,35.176746
20,24.661417
31,36.378235
27,26.756748
30,29.666487
19,17.49185
39,23.799465
23,23.99902
25,26.431799
17,15.127313
15,26.777514
14,14.867579
47,35.04026
31,34.660767
24,22.501673
39,41.280724
31,34.878517
24,24.055435
24,24.414932
34,29.839874
25,28.407387
17,15.75426
21,22.918993
32,30.348383
18,22.56298
20,24.666904
30,36.59412
30,29.4757
26,25.866957
28,31.045443
24,26.185884
15,16.49657
27,28.231878
35,35.3212
24,26.615002
15,16.726377
18,19.411207
34,21.672766
23,24.290012
37,34.738777
40,27.855453
46,44.116558
28,31.27161
16,21.227045
19,17.616734
29,24.656963
22,22.469637
33,36.883553
33,36.777977
45,45.266445
18,14.773137
28,29.351597
17,15.719585
26,28.242645
39,26.61758
29,22.17117
35,32.07329
15,14.273456
30,28.678934
42,38.058414
38,30.206686
42,36.997
44,42.735973
44,33.692448
29,22.69549
36,34.87974
35,33.011787
34,34.77149
32,33.485912
22,21.790142
26,26.471773
22,19.904104
24,23.157837
42,39.495335
24,25.776363
16,22.254633
22,22.424923
41,37.17385
11,15.629935
16,19.192827
18,14.86197
28,25.353945
25,23.88825
17,14.622846
15,15.774655
20,19.380804
22,23.940865
26,22.804605
29,21.066557
52,45.678596
28,29.439663
15,21.330688
16,23.999613
15,17.856173
19,17.630276
28,21.494822
25,20.571861
17,19.97881
15,15.893019
10,14.259845
26,30.874834
24,24.533522
35,36.213295
12,16.765871
19,16.324224
24,23.34124
30,25.99255
44,45.28149
28,24.6564
30,30.082726
20,18.630203
24,18.83416
21,24.530264
22,24.23052
22,24.519669
14,21.001186
19,14.247592
28,24.426167
24,19.162165
18,14.307438
43,41.74413
44,39.118114
42,41.73928
26,26.340899
32,35.4476
37,26.292048
53,39.012363
52,45.99605
28,28.224537
38,30.899105
35,36.57899
51,52.284897
25,21.938824
29,30.148712
12,16.17574
12,14.36327
20,18.293308
20,23.084225
31,27.663195
29,27.426636
37,31.708815
28,29.215597
19,14.8404875
27,24.572887
48,40.11779
16,14.460692
40,37.136974
15,23.289898
41,31.208668
27,23.088324
27,29.589062
23,23.191767
26,24.074085
31,28.713057
40,44.536457
20,26.024797
12,15.359804
18,21.12709
24,19.450125
29,22.33351
44,39.09071
11,14.951794
19,13.856062
37,38.13264
38,29.273325
21,24.92601
21,20.504158
18,13.9320345
34,32.417656
33,31.430819
22,23.947863
25,22.766031
44,43.41476
15,15.148512
21,22.40402
25,28.216232
16,17.157774
39,39.838856
29,26.869518
16,15.899072
37,34.27921
30,36.561577
39,39.703686
14,15.958314
29,28.984217
25,24.687675
38,37.336372
36,41.33551
25,23.727034
26,24.715088
25,25.108736
41,45.390522
37,32.138977
26,22.974377
34,37.558876
36,36.488003
16,20.93173
17,15.005407
27,21.79474
18,15.6144285
18,16.116468
24,19.788956
30,26.081812
26,27.31725
16,13.27916
35,35.262733
27,26.768234
16,20.711504
25,30.70872
30,34.150837
17,21.412863
15,19.330091
17,17.655172
21,23.684782
39,37.116997
37,34.5223
25,25.176119
42,30.418447
14,14.66977
19,17.292582
21,29.385487
39,41.041927
37,35.734577
28,26.795935
29,22.586794
34,37.35499
36,37.064262
11,20.595592
26,22.875534
25,28.935308
25,24.793438
21,21.747614
27,26.28116
17,15.743929
38,40.97259
31,19.415627
44,35.16682
10,15.661047
26,25.019194
18,19.078957
14,13.395184
37,31.724173
15,16.50106
16,19.789917
31,35.4783
18,22.607075
23,20.175241
13,19.166677
24,22.370481
22,20.695868
25,24.219288
19,17.168852
48,40.58906
15,14.865971
15,21.519432
14,14.969798
47,43.646088
27,29.613674
37,29.993235
26,30.01391
23,20.462275
49,36.994434
39,37.37867
31,36.60444
36,37.677807
15,22.60758
11,13.175308
34,33.037865
33,26.86757
27,26.921032
22,25.337141
16,18.793295
28,23.363522
19,14.709927
19,16.825838
33,37.979897
26,29.054712
27,26.198824
30,32.051273
26,27.04945
34,30.000357
30,29.162388
30,24.642588
43,36.40423
33,34.91076
30,25.247894
33,36.786613
16,18.581635
15,22.78976
28,22.3794
19,21.89416
13,14.973914
32,38.311375
12,14.881544
13,17.151718
19,15.698044
13,18.696049
44,41.992027
47,38.7991
15,18.636559
10,16.060783
28,24.398508
13,17.551575
26,24.374588
28,25.053326
18,21.530418
32,32.825954
29,22.461262
23,24.443724
26,24.887827
14,13.606651
39,34.15676
26,24.183216
31,31.83514
22,25.190935
30,35.963673
20,24.93112
27,25.846546
29,22.842705
23,22.866243
10,13.398001
14,13.4668
16,17.66257
22,21.911829
19,17.453983
27,25.631392
31,32.560715
28,25.718912
20,23.787123
40,36.99574
17,13.873538
27,27.624825
24,26.226213
25,29.404518
32,26.46781
17,18.310886
29,22.402517
19,16.292027
23,23.335348
18,20.280197
32,30.711138
28,25.192276
21,19.625244
26,25.312214
20,24.74868
51,51.74934
22,24.645105
17,14.814945
33,31.270906
32,32.681007
28,28.660688
38,36.606712
41,42.93297
22,22.038515
21,26.061216
22,24.820465
28,28.309221
19,16.90374
54,28.251719
28,21.234762
24,23.100647
36,31.824495
27,24.141117
19,16.704733
19,16.053175
45,44.56584
15,22.031414
26,31.867743
29,28.938854
16,20.419453
39,36.32979
42,35.238327
39,35.1388
26,27.611134
11,15.963542
29,27.041136
17,21.031727
15,20.190245
11,14.414322
16,22.06513
16,23.362677
24,20.125784
29,20.750751
19,15.052654
20,22.382118
40,46.978985
23,19.918589
24,17.392202
43,39.073177
42,35.782166
48,44.671097
21,18.81645
23,22.505783
41,36.960533
24,22.430489
30,24.700386
33,28.50265
19,17.579893
12,13.61207
23,20.022427
34,38.023567
25,24.245768
16,21.399372
25,31.80045
18,16.415932
18,15.631957
28,29.919302
12,17.274897
34,40.0075
22,22.872515
40,37.565544
21,25.515692
38,38.100685
12,13.604466
15,15.647524
38,35.598244
45,48.948715
17,20.850264
47,42.202454
28,23.663282
32,35.211674
22,25.532528
25,20.843891
32,29.859446
47,44.597233
29,31.346035
38,38.03391
25,23.02441
17,19.33339
32,35.270744
32,36.658722
32,38.530216
32,30.319103
26,22.205523
12,13.9504
39,36.619175
33,35.435215
31,27.23876
43,49.029522
32,33.588974
27,27.147802
33,33.310673
30,26.135672
22,25.68866
43,38.101303
25,25.803078
44,36.154766
30,26.408417
25,28.608946
21,26.802975
25,23.9233
23,15.867098
10,13.521827
17,14.671148
28,22.499235
32,33.50585
30,28.388058
41,39.27548
42,35.104572
13,13.8511915
20,23.46248
46,43.70303
16,19.107798
27,22.490654
14,14.0409
47,48.738327
23,24.28262
22,19.023317
27,26.839579
23,26.66643
26,24.464703
44,35.77074
20,22.513752
17,15.020818
16,13.815486
17,14.503544
15,18.563261
30,21.886549
30,33.64381
17,16.635445
28,26.358772
33,34.945297
34,35.34065
18,16.05342
21,24.887117
40,44.36981
41,36.200577
19,15.651032
51,46.595562
28,24.151527
31,34.872326
27,30.644209
21,19.880672
20,19.535654
37,38.131344
15,17.158987
31,34.0827
25,33.27614
43,35.35647
18,17.48058
16,15.034365
43,40.45328
25,24.621851
30,31.326193
25,24.968061
25,22.039268
12,14.7031975
28,23.107346
23,25.067324
36,37.72021
24,24.71825
27,28.594131
27,29.104498
24,25.315615
34,33.056942
25,22.625898
14,13.7452545
16,15.980531
25,23.578983
12,13.351977
24,23.917158
16,19.074333
36,40.240986
33,32.82348
20,22.80934
41,37.12041
20,24.602877
21,24.173027
21,21.114262
18,17.604683
33,37.63908
29,25.684727
25,32.303127
24,24.353308
30,27.734797
24,22.859234
18,24.176214
16,13.838083
26,27.34349
29,27.401482
23,24.703032
27,31.011007
17,22.637415
46,43.60118
11,13.715327
19,13.189402
46,37.486984
30,30.500961
16,20.295399
22,21.879816
18,20.097963
17,23.28668
35,35.1527
31,25.086073
36,30.600462
33,37.221897
29,23.98421
32,37.782722
27,24.418993
33,39.828903
26,22.154608
35,31.482208
37,38.5486
43,45.038536
24,25.60175
35,33.915546
24,24.218388
14,13.3557205
29,26.456526
21,20.760466
25,29.246532
16,14.531569
18,19.241787
44,43.045155
25,30.08913
19,19.484901
10,14.530726
26,21.459951
21,24.259056
15,18.93502
24,23.512459
24,20.994791
25,23.60011
13,14.647005
19,14.816095
31,35.688705
44,38.074917
19,18.694195
37,36.22952
34,35.103054
39,36.058502
25,21.982412
15,13.369476
35,30.532276
39,36.579643
17,13.767662
14,16.028801
10,15.006686
29,29.12456
18,17.883736
15,14.08372
38,21.204336
21,19.611248
43,34.796623
15,14.557982
23,22.111448
23,21.360064
11,14.413099
12,15.324729
34,34.536777
15,14.968781
25,27.103182
33,25.692871
20,19.252502
35,30.79688
29,29.070974
14,15.118885
26,27.527033
38,35.73246
30,30.536802
36,37.52213
42,36.53014
24,19.140694
25,19.716143
21,17.866451
27,23.442804
20,17.882942
28,25.18445
28,24.060719
35,36.783543
34,32.803993
34,39.057655
18,14.389399
27,25.836927
33,39.42681
31,32.565155
20,19.344362
20,25.526047
11,13.58957
32,37.05306
43,41.45224
16,16.870008
36,34.48157
31,27.191639
37,43.46647
31,20.910606
19,17.614872
20,17.366058
16,21.489725
23,27.693665
23,24.22997
22,26.35899
29,28.039093
13,19.35259
17,18.20166
29,21.192366
19,17.43265
24,20.5585
28,24.232811
16,22.311234
20,22.423468
25,23.669298
25,24.845345
43,39.190426
21,22.077051
19,19.639051
27,22.791103
31,29.997845
38,34.450684
18,15.230796
33,29.257048
37,35.32751
29,22.651888
11,14.343288
17,15.042791
39,36.330395
15,24.919699
28,24.04603
29,29.041496
21,25.478394
44,42.27695
38,34.89814
42,43.57201
25,22.13389
33,37.399464
29,23.831131
42,41.009113
40,45.412334
15,23.719362
36,35.102524
15,12.806934
28,28.421711
37,36.426075
35,36.7694
26,29.44175
15,26.016073
31,35.90688
15,16.701622
22,23.965912
18,19.36972
26,27.63197
12,13.348351
44,47.245045
36,39.96515
34,35.6764
28,22.585112
45,39.63917
27,29.586695
28,29.022547
14,13.119192
17,14.018143
29,25.92315
11,17.669773
22,25.284948
29,28.18605
48,43.993217
15,16.64006
24,21.128567
15,17.46232
12,13.8783045
21,24.58692
26,24.56401
16,21.378054
32,28.759274
33,32.472313
42,42.60492
18,19.436253
20,23.576832
28,31.638264
23,21.428526
16,15.4403105
19,19.097517
44,35.36185
18,13.718866
16,14.493213
32,37.587185
16,23.960993
15,19.152935
37,40.842094
37,36.305645
37,34.44145
24,18.430294
33,27.361185
33,35.243164
19,20.745434
28,32.167645
32,30.677753
12,15.333943
24,22.988182
25,25.615107
16,15.760301
26,25.25856
54,45.29542
25,22.263628
18,22.392532
31,33.47969
18,15.174133
39,34.888065
27,22.494036
29,30.718292
17,15.611266
13,21.560404
34,28.677483
20,23.758749
24,25.727291
19,17.198957
31,28.319458
43,45.56613
31,35.777737
34,31.125704
29,25.498354
19,32.436935
35,40.312847
27,28.96024
12,19.615002
17,15.585716
19,14.859077
17,17.82667
23,21.975182
27,28.867636
18,22.152391
28,24.781136
41,37.32118
13,17.141027
21,23.203287
17,14.791852
22,19.512386
31,28.471813
31,36.580757
26,24.750154
30,28.644133
44,33.42792
27,21.96627
21,20.334259
19,20.893145
51,47.17144
25,26.502357
26,22.791885
22,23.789717
31,35.642963
34,37.209602
25,22.087353
29,27.478395
12,14.212636
32,30.025454
16,17.629223
19,20.47707
16,21.294231
17,23.725586
43,46.52652
26,20.982653
29,26.7377
18,20.781033
25,20.248846
20,23.779724
29,27.386015
26,30.48162
15,16.980612
15,18.912992
20,23.411476
20,19.899767
49,49.121944
28,24.184822
38,35.899197
16,17.430723
25,27.215368
24,24.58599
38,37.518337
28,26.903297
21,22.991344
31,34.66025
33,32.43574
17,15.1810875
35,27.852915
15,19.508448
20,21.999311
16,19.097857
13,15.602334
44,41.465626
32,34.306934
22,20.76115
22,17.243832
34,31.91825
48,36.507206
19,21.582188
14,12.831828
29,22.906427
27,28.621212
14,15.582603
25,29.713894
33,34.76396
15,16.335936
21,23.137194
29,30.702032
43,45.446438
21,21.038683
23,20.43626
27,31.255278
19,16.989243
15,13.904098
23,25.058289
11,13.820741
26,24.132872
40,38.859783
19,16.929626
23,25.180214
35,35.967606
17,17.127434
13,19.38405
10,13.963305
28,21.554712
26,21.377195
36,37.315083
29,24.007576
28,21.97816
15,21.741041
35,30.818407
31,36.092686
35,35.440376
20,24.48
19,20.187708
21,25.229483
15,19.792334
30,25.862871
26,22.412064
23,27.344746
54,42.206383
26,25.048574
19,15.738449
27,29.930178
32,30.01068
51,48.1859
28,29.278849
16,16.758062
25,19.449697
17,18.347157
19,22.460371
19,17.617207
20,23.042393
28,26.807394
22,19.972267
25,23.523653
27,23.074059
15,13.783294
14,15.412122
23,23.541302
12,15.452113
25,30.409317
26,30.51959
24,24.602596
12,15.194595
44,41.110672
20,21.208288
22,25.88898
34,30.862185
24,25.88265
44,35.598526
15,16.896402
11,13.959302
38,34.078846
26,23.170115
27,22.179329
20,25.047846
37,29.017252
36,36.47072
48,35.592133
33,29.562956
44,37.83882
38,40.216354
27,28.267467
20,21.871073
26,22.845924
15,22.588303
33,28.39337
29,22.423594
21,22.473692
24,24.52426
32,28.144073
25,22.313768
39,38.744156
16,21.81308
44,41.705982
11,15.574412
39,41.252182
12,14.262099
28,29.78198
37,36.778076
26,25.992846
20,38.97553
41,35.760498
11,14.549988
19,22.70835
25,19.692892
41,41.444805
16,16.64671
11,16.699888
16,17.233095
24,26.82036
27,27.290024
35,23.615885
29,22.435425
31,32.946377
18,17.43671
28,24.863848
18,15.793963
17,15.157422
39,35.394768
29,23.83224
13,14.788995
25,19.891027
26,30.311634
24,27.844145
31,30.4513
13,14.944689
22,15.465644
28,23.748007
42,36.47256
25,28.841534
20,19.307453
12,20.217575
26,22.0342
31,33.62926
36,31.181564
31,33.93686
21,24.107338
43,38.927444
25,26.32221
18,21.253393
26,24.855118
17,22.13736
34,33.794865
17,22.170021
22,23.711437
12,19.766861
31,22.972467
23,23.891623
23,20.67895
41,37.63337
15,15.456985
18,17.801283
19,17.759481
23,19.33258
30,29.673092
23,26.251137
23,24.442762
26,21.177189
15,18.98153
49,46.53253
19,23.90455
16,20.4277
23,22.444134
10,17.478497
25,25.446657
17,18.980925
16,22.534182
10,16.145786
29,29.761047
43,39.00934
24,27.267416
28,23.726358
34,34.572063
17,26.380444
19,18.166729
25,24.92428
14,13.430511
10,18.544802
27,20.49852
29,27.514425
17,15.099541
22,23.266356
30,28.5293
25,24.426525
25,24.627216
22,21.065294
40,38.688797
19,21.487324
22,23.064909
34,33.833168
20,22.76329
46,45.982887
24,20.76648
49,40.058678
21,19.696218
16,18.098066
21,22.173708
23,27.362461
32,33.776573
26,23.03506
35,38.40943
22,26.22439
43,38.569954
11,13.10454
25,29.867432
33,36.414417
10,14.043687
37,29.501911
15,16.805668
29,23.979649
31,27.273499
43,36.800022
23,22.513262
28,28.120708
25,30.117632
23,23.9375
27,26.978224
21,23.291634
26,28.15347
28,20.708773
42,41.51093
24,24.645752
17,20.075937
30,28.30066
33,36.097218
13,21.401468
16,17.13515
23,24.216572
22,15.949759
25,27.773273
14,14.468265
38,33.401756
24,24.307169
23,27.011778
35,34.89835
15,16.734945
35,43.66949
31,38.458252
13,13.622093
18,18.916565
21,24.6666
19,18.841038
40,29.976667
15,14.183817
11,16.937868
29,27.01971
17,23.39315
13,15.623503
17,15.61078
26,25.171444
23,20.408485
24,22.361702
30,22.920881
31,32.60609
17,20.845428
24,18.68797
27,27.989334
22,24.086594
24,24.408749
27,27.231487
29,20.726952
23,26.893663
17,14.297824
38,29.4156
23,25.675465
23,26.501867
33,33.73683
24,24.792034
28,29.681114
21,24.14666
31,32.444683
18,16.402466
15,17.542315
31,32.900578
22,26.703678
21,18.154373
25,25.956354
23,24.149265
33,32.40065
23,22.13042
12,14.132812
35,37.183846
31,32.25899
14,15.277553
17,21.04921
47,44.3478
11,18.081017
38,30.505314
29,29.366846
33,33.51747
14,18.018377
18,19.467056
14,22.874868
15,20.182552
29,24.264772
21,20.237484
34,35.808605
19,14.006479
29,28.411015
40,33.17963
19,14.9945755
26,22.863127
22,22.605093
22,20.520061
25,24.364082
28,25.91074
31,29.477215
29,27.297216
50,43.325886
33,34.984734
32,29.809134
52,45.313255
42,39.814507
26,29.591137
22,21.776442
47,39.4216
25,23.187542
20,24.56681
12,15.046997
35,36.479755
23,19.968206
18,22.662312
16,13.789208
32,29.259602
31,27.30313
21,21.827955
22,21.165945
26,31.579193
26,30.016209
16,16.437864
28,28.137539
33,38.322296
43,37.083958
11,15.310373
31,33.72839
17,14.838537
15,16.647768
23,24.744366
34,30.68132
25,26.211857
34,32.950405
26,23.785292
42,39.598778
21,24.114223
24,28.902212
29,30.590338
26,20.716528
16,22.49352
29,28.790876
17,18.786495
17,20.6489
21,22.799131
38,40.260765
21,21.067762
25,24.759975
27,29.586998
38,37.019466
28,23.953754
15,13.577558
23,18.208776
25,25.450352
41,36.67363
29,25.128756
29,30.249632
14,15.634095
16,16.767937
37,43.389202
34,33.633278
26,22.60867
34,33.70265
38,35.6046
17,21.042248
25,30.30624
18,14.34209
18,18.531466
34,33.583794
23,23.815422
20,20.002733
26,22.555683
23,24.101702
38,36.94465
22,19.337086
29,26.473413
20,24.937153
43,45.822598
23,27.197378
16,14.8719
29,30.228651
28,31.259893
11,13.928788
27,28.856155
29,19.656893
40,45.154823
29,27.676954
15,17.856163
27,25.501066
17,22.644989
11,16.52884
16,16.305254
16,21.723835
23,26.326149
19,21.593845
42,45.00673
34,35.221504
16,20.231958
34,32.529854
24,18.552727
42,39.179764
33,35.24722
25,24.961395
47,44.83562
26,27.929325
27,20.247734
17,15.381906
34,34.863544
16,18.074907
26,31.172087
33,37.31803
29,23.701881
33,31.844631
24,19.330328
27,27.930717
24,24.505295
26,25.442408
37,36.355705
36,43.054184
36,37.80854
28,22.435394
11,13.870511
24,22.110668
16,20.359045
11,15.444386
37,36.76608
48,40.626537
28,23.62142
12,20.4669
13,15.299731
25,24.786196
14,17.02765
17,17.860363
30,27.807093
28,29.025055
34,38.5361
39,29.426104
25,30.170397
30,35.52738
15,13.956146
19,19.958973
44,46.41263
38,38.054646
22,28.542171
28,29.418098
37,35.12239
29,23.154718
37,35.84069
48,48.476997
48,46.620472
41,42.02226
44,43.97749
17,14.664029
25,29.380823
15,15.890048
16,16.969995
22,23.170866
14,13.932149
22,22.936028
17,15.234125
48,45.850555
23,22.77302
21,26.05583
32,36.32832
21,23.8931
18,16.591278
23,19.47714
27,21.409376
21,25.139341
29,25.810318
42,40.592873
35,35.172153
44,41.41737
23,19.127138
14,14.584079
35,44.42744
19,15.619306
24,22.008106
29,21.746773
29,27.217772
20,26.114765
19,19.750584
33,37.44238
17,18.675283
10,15.940833
19,14.460244
41,47.046143
10,16.864946
10,14.700118
46,46.778244
33,27.668118
16,19.52749
27,22.57163
42,45.341263
25,22.551031
31,27.504095
25,26.319357
47,39.877808
39,35.253685
30,26.903494
17,19.945803
18,14.874319
36,35.49944
31,31.076057
12,13.649387
33,35.065445
15,17.017004
23,21.411736
48,48.68276
32,32.899166
23,20.755749
19,22.323391
17,20.498745
14,16.389902
24,18.85224
25,22.379435
19,25.06769
21,22.805387
27,24.1026
19,13.985723
36,38.661743
42,39.59463
27,31.085293
15,15.457134
24,24.342207
10,16.427155
27,21.354898
44,39.714767
38,37.537346
17,15.445645
11,22.133621
28,22.748331
47,41.788837
17,20.654171
32,34.738766
38,40.611996
38,43.850647
31,31.763699
27,29.907896
24,25.05803
49,39.741222
29,23.137989
19,15.438628
21,23.641338
45,40.76778
27,25.199818
15,13.988115
24,18.67612
22,26.475397
15,21.629906
17,17.57481
12,13.373443
16,21.492949
20,25.21064
27,24.595161
26,23.885313
17,20.42951
25,23.265587
18,13.3618145
27,28.395527
37,35.52559
28,28.120615
28,30.871033
16,18.849188
24,23.589975
20,29.792309
41,38.89388
23,23.782974
24,24.065508
18,14.618244
16,14.153463
10,13.314221
30,26.097673
23,25.04117
27,28.802074
33,30.081465
16,24.161959
22,25.935223
18,12.996472
19,14.423002
29,23.161318
15,21.364328
40,36.938023
24,23.51034
11,13.245864
21,23.693504
16,15.150702
38,34.84229
22,18.41474
26,26.083628
38,35.91372
25,24.189196
14,13.482696
36,42.08361
10,14.786103
28,30.045475
20,21.46544
34,35.478184
25,23.36281
19,17.95589
27,24.029312
46,43.966015
29,23.184671
29,24.629818
15,18.319376
30,28.770378
34,36.295574
20,23.24855
18,20.41911
17,14.078985
33,33.687923
14,12.235965
13,14.685967
32,30.905905
13,12.911285
19,12.432676
26,24.042772
47,46.89441
22,25.73664
17,20.21785
21,16.958025
27,23.796665
37,35.906246
21,20.772018
22,22.560417
10,14.223122
38,24.436255
27,29.614407
29,24.306086
25,24.08094
32,32.3304
28,22.85559
30,29.933529
19,15.804066
54,46.580505
20,19.342964
48,43.353878
37,36.851086
26,29.323689
23,18.366837
18,14.775972
32,32.5409
22,20.744133
25,24.742847
25,20.98058
24,21.924826
17,13.317966
53,49.224014
27,25.668968
23,24.033157
24,24.029617
14,16.04518
48,48.2857
15,13.345745
30,29.520063
15,13.334401
25,30.05948
23,22.96081
25,28.269484
43,46.27552
16,16.216671
32,29.181623
21,18.710001
29,24.764975
35,42.08462
28,21.545254
13,14.246462
29,23.784721
16,20.264263
16,15.216649
40,44.59108
25,24.907412
32,33.784885
17,13.405538
52,46.72967
46,45.21368
41,40.41567
30,26.505716
39,38.263832
27,30.67842
49,51.30968
12,19.492216
25,28.37232
26,29.929634
24,23.938126
24,24.122782
32,29.707275
26,21.255781
27,29.937168
48,44.694084
29,23.010489
46,42.78951
42,38.81595
30,37.785355
22,23.31235
25,24.747072
27,31.087086
21,21.299726
54,46.193428
22,23.105831
21,22.521666
12,16.9067
18,14.109361
49,44.601265
39,38.180775
47,41.894833
28,24.3083
11,13.587868
26,29.229778
40,36.985382
36,36.514156
21,24.650719
26,25.46978
30,29.167048
46,35.48982
49,46.165024
16,15.017292
28,28.971687
18,17.401272
18,19.848911
17,21.811604
10,13.784702
38,29.176126
43,38.643944
30,33.49345
28,27.637096
49,46.563545
49,44.51855
34,36.491173
11,16.670465
25,24.65468
21,24.363224
44,40.79378
28,29.427568
22,23.47954
29,25.310318
33,29.962679
31,29.530289
22,24.513256
13,14.880677
15,19.19517
16,17.792305
31,32.35019
18,20.419436
46,40.62068
29,23.869188
15,15.918959
14,14.64469
24,24.881758
16,13.505323
27,24.784433
53,48.31977
23,22.116777
18,16.765335
19,14.497182
26,24.588154
16,14.707277
18,17.144234
32,28.59835
20,23.512335
11,12.094442
19,21.495346
27,24.205612
13,15.345295
15,20.323507
16,22.264685
11,13.683369
20,24.645815
35,28.228558
20,21.975761
20,23.847477
24,19.371061
24,27.593254
19,13.857911
31,29.315416
41,40.45765
18,15.226997
30,28.76365
25,22.300322
19,15.716863
31,33.967495
27,29.82332
19,16.822247
54,43.374825
40,40.29637
22,23.106173
39,29.58072
23,21.88536
24,20.358427
24,29.748016
33,33.02699
21,21.126316
20,24.743483
23,24.034527
20,20.41375
27,23.7821
34,37.18072
24,21.575655
22,23.000484
44,35.278748
33,32.293053
26,20.164307
16,19.422365
27,30.34722
24,24.169441
17,22.06547
37,36.860188
49,40.79083
29,23.735954
22,23.366886
21,19.950388
33,32.379635
27,28.749575
38,35.84695
38,40.407017
18,14.296077
24,25.175385
26,22.778517
37,36.13829
18,19.818758
22,24.658312
12,15.286497
24,23.431253
31,35.054474
28,22.48058
22,27.495386
15,13.939913
25,23.082785
14,19.750223
39,35.486465
33,34.998787
37,35.526527
23,24.870562
18,24.21878
53,36.53054
25,26.257837
30,31.945766
23,26.28011
36,35.03348
26,23.794212
22,24.029665
49,47.689087
32,39.57225
30,27.756493
15,16.76411
21,22.165442
32,29.86216
10,13.782711
16,14.942682
20,22.06503
15,18.253704
26,30.070898
10,13.78587
38,34.937492
23,18.508099
33,34.05211
20,18.275454
34,37.92432
23,21.876602
11,14.659598
20,18.162033
32,25.113056
12,14.215499
47,51.346233
23,24.997837
21,24.514587
26,29.414759
23,23.756231
33,35.13556
33,35.030754
33,33.71143
38,33.49647
30,28.030605
26,30.089706
19,13.214723
39,19.662407
38,30.481323
20,22.385479
22,28.957594
25,24.127361
48,45.41305
28,29.099682
12,14.3483925
26,28.990606
38,37.496517
27,25.261917
38,27.378109
38,38.597275
26,22.627563
31,34.85228
15,22.185778
30,37.209713
22,23.131477
29,23.237848
39,41.57953
38,37.534576
34,28.306227
27,27.46581
22,23.733839
25,20.536766
23,24.309645
27,25.009905
42,39.284637
24,24.395008
10,14.189166
19,15.607012
31,34.21614
23,19.269432
25,33.229763
30,30.108112
34,32.31701
18,21.832874
16,16.049145
32,28.938055
34,27.664265
28,32.247692
28,23.997217
25,28.70767
28,22.688046
22,24.35223
21,27.739752
31,37.04303
43,36.632442
27,20.6784
22,22.199873
26,27.159866
27,28.850225
22,21.591537
26,29.430977
24,24.470533
24,18.427856
31,37.43692
26,29.116482
17,16.656374
22,22.572268
43,46.837395
16,13.969467
44,36.469086
25,24.822699
28,31.01709
30,21.349138
12,21.050854
33,30.30775
32,33.82816
19,16.075245
27,30.791134
35,34.928032
37,41.594017
24,25.640984
28,24.729681
18,20.612421
11,18.689093
28,24.084164
16,16.358753
25,29.679968
28,24.728392
22,24.68563
21,22.100128
44,35.49592
19,14.642957
27,22.91387
29,30.47036
14,13.846219
30,37.169144
28,23.332762
29,19.370047
31,35.815098
20,24.01758
39,32.9667
17,15.375144
33,30.153578
35,29.695705
11,13.663255
20,23.09163
22,23.788467
15,18.906078
25,21.383486
23,24.936323
18,15.495014
42,36.982834
33,37.33287
18,14.69215
31,34.146393
15,21.537294
25,29.185448
23,19.245905
27,25.337257
32,26.434784
38,42.983387
28,27.307413
18,35.017376
22,16.750721
13,15.469562
34,32.31536
23,26.629221
42,40.975136
21,23.491482
26,28.582205
32,34.160053
21,19.943985
30,26.737999
33,36.19809
34,38.229057
48,46.425266
23,21.831482
17,14.010353
31,34.12682
42,41.367123
27,29.602057
20,19.3298
29,20.93483
37,36.32186
43,43.2406
16,22.738884
17,15.254138
43,42.539368
17,15.30135
24,18.59358
41,36.038376
17,19.513105
26,31.085415
22,23.72182
38,32.029205
38,37.30166
22,21.667736
41,39.858067
26,29.351255
51,50.927776
23,23.205338
29,25.71192
26,27.359903
31,31.993206
49,45.627556
31,28.898996
19,17.624222
21,25.820875
12,14.449951
19,15.296931
20,23.532057
37,40.27183
26,22.297375
48,47.38002
40,46.68747
38,29.74146
25,23.251612
23,22.863186
25,29.6818
23,23.738913
30,31.97359
19,20.961563
27,24.37769
16,28.335073
23,27.546875
30,28.864008
17,15.181659
23,26.339108
17,17.308575
40,40.02079
18,17.512136
23,18.872612
32,34.68247
35,34.599762
45,42.905777
15,17.78377
31,35.28909
33,34.40566
22,22.036839
40,41.854797
35,38.50364
39,43.23841
20,23.818277
12,16.103334
36,39.513897
18,24.186867
25,24.501102
28,26.345957
24,25.405766
31,31.36454
39,37.11869
23,22.529062
13,14.073435
34,36.759224
15,18.445198
39,36.56634
13,14.626143
21,23.94748
10,14.523143
27,30.713541
24,19.47601
25,27.930836
38,39.74095
17,20.996912
36,41.783073
28,30.847498
24,18.975506
15,24.198736
35,43.624813
27,23.05923
25,23.094217
22,19.672844
23,23.867102
29,22.973328
22,23.991282
16,15.751019
21,23.838064
38,41.74345
30,27.484571
33,34.88305
46,47.356636
20,23.10832
28,27.666239
39,35.81266
38,35.48397
18,25.95549
17,18.33117
47,42.7879
29,22.325684
21,17.910784
27,22.61225
39,28.36358
30,24.587822
18,20.481958
10,17.23147
23,25.434238
46,48.044235
22,24.865938
24,22.108665
16,16.624128
27,23.464256
46,44.16233
29,25.933863
23,21.257872
16,22.790234
33,27.25253
26,25.268948
15,18.295435
29,26.320301
16,19.280153
16,18.602491
20,25.19619
26,23.240517
24,21.0563
27,23.901949
22,26.730827
42,52.917305
20,25.384459
27,24.88522
21,23.024084
11,19.842342
29,24.515947
27,23.900787
24,26.13402
28,28.282125
30,28.513485
23,20.422485
34,36.551537
12,13.93018
29,21.304893
41,37.14907
12,23.980135
18,20.015512
23,24.498653
24,20.522066
32,35.11237
13,15.92318
15,17.280373
13,15.821767
23,22.712006
28,24.725603
11,14.496425
15,15.60508
31,37.960896
37,34.29292
12,16.680649
26,22.798164
17,14.235842
41,35.748646
28,29.561855
25,23.320168
20,22.935972
25,26.94965
14,23.00332
15,19.658644
19,18.4754
28,27.912245
36,37.259647
17,21.552391
43,28.766718
20,23.172298
19,25.452463
25,27.248772
21,24.867847
18,18.928482
40,39.575077
25,25.6733
39,33.935093
33,36.829144
46,46.032166
24,22.053171
28,28.891214
23,20.941294
26,27.92977
29,21.940271
22,21.64459
50,44.223118
31,33.870655
26,29.491398
27,23.25007
20,25.926397
18,17.700432
36,33.983543
40,48.11917
27,22.760864
23,21.681866
15,23.573492
40,34.356056
28,29.675539
38,34.216534
10,13.890717
15,23.178528
27,21.273254
33,33.46239
21,22.023382
29,28.150229
21,21.288414
35,33.407013
20,23.32851
23,25.507826
20,19.248924
27,27.996597
20,21.369625
26,24.8265
18,16.960258
17,17.892088
28,29.109735
28,20.489702
22,18.898659
16,19.37049
31,39.573498
15,13.5367
29,25.473404
27,28.564919
38,35.0596
25,22.317617
11,13.394937
21,22.989021
28,25.268389
24,21.759756
42,37.690845
25,29.238377
23,24.168724
14,17.330725
51,48.342785
16,22.252419
26,24.787859
11,16.382582
37,41.329865
15,17.507895
28,28.119814
11,15.983329
26,29.027943
27,25.134407
26,26.688118
38,35.29575
36,37.405663
24,21.649324
34,35.431576
19,20.481432
27,26.621555
33,35.16854
31,28.917997
43,36.848778
35,34.596413
29,24.12211
17,18.0751
26,26.874834
26,27.330978
15,15.046832
32,36.220455
47,45.20576
11,16.10897
29,24.807537
40,34.98348
18,14.4651
19,27.474812
19,17.930801
45,44.73206
20,23.226772
24,22.921127
27,23.622864
20,22.515764
23,22.82996
23,21.589485
20,25.91924
31,31.13612
27,25.853506
30,24.560734
23,17.354687
32,32.832912
28,27.069012
39,35.74071
27,22.639843
15,16.83346
17,16.22749
33,34.227917
23,26.9483
34,34.48064
17,20.87957
35,34.09856
10,13.877734
27,23.998013
25,24.926441
25,25.140408
28,22.42275
36,29.724958
44,37.356884
38,26.118158
22,20.144852
44,43.155136
37,32.65541
13,18.983171
30,28.058
20,23.542587
37,36.205364
16,14.217616
23,22.623707
19,19.074137
23,23.163248
32,20.667183
17,19.503574
15,23.012665
40,43.140465
37,36.110195
16,22.749876
21,22.619528
39,35.387558
24,19.37015
19,18.265213
12,14.242832
35,33.932384
50,42.882347
33,28.517092
16,21.271795
26,28.076315
28,23.592684
17,14.397679
34,32.567703
35,31.55491
31,33.071095
33,32.8134
32,34.11526
19,23.573616
15,14.806268
39,30.04893
40,38.14292
34,27.751184
28,23.851236
15,14.647949
19,20.104923
29,24.350664
28,29.354311
29,29.926966
23,24.458622
38,37.041042
38,30.680855
19,22.959534
28,25.660257
35,33.038876
28,23.632338
38,30.61217
29,27.129433
28,27.34193
19,22.517555
25,25.56631
35,33.69223
23,23.158842
49,44.997242
29,24.726616
31,32.33721
29,28.098433
43,38.544044
13,15.709336
26,23.369156
12,12.091693
16,15.303807
15,19.85025
31,36.66863
32,34.331608
17,21.173334
45,41.19041
26,30.719885
24,25.841803
37,29.179165
24,21.26598
40,37.016373
31,36.775326
10,13.340468
42,44.547886
36,34.89268
32,34.860912
35,37.662415
20,21.608944
31,38.312805
27,21.30003
34,32.255947
16,14.516692
28,23.968428
32,29.033749
18,15.389531
10,14.118473
31,29.193005
18,23.11822
30,26.444553
39,40.699173
27,21.030764
17,22.274065
46,45.428444
26,24.512228
23,20.1607
37,33.78526
20,22.214233
42,41.711147
22,19.796194
12,14.705221
22,22.289589
19,18.897
15,19.43124
20,19.45803
18,20.740187
17,15.188272
26,23.691792
26,24.671494
25,21.22223
24,22.663914
11,22.728468
22,25.818775
24,22.200605
16,14.648995
10,13.366806
20,23.501116
25,31.741055
18,20.572138
19,14.578608
17,14.031103
22,24.560957
25,29.665192
19,21.07407
21,18.991486
32,25.365372
19,18.583735
26,25.319004
39,36.22305
29,23.612131
38,39.99365
18,16.77658
15,17.34476
21,18.947147
27,23.32461
41,38.558807
18,14.525328
22,24.390505
17,19.45913
38,35.564465
20,21.409386
33,30.023676
13,16.457718
12,13.739426
26,24.683546
21,25.264235
13,14.473192
16,19.563288
33,33.169586
10,13.360534
37,37.10458
38,38.65912
30,30.443743
46,41.618828
19,13.958968
44,41.64424
17,19.785927
37,37.80123
21,19.77605
33,27.515812
24,21.521563
26,29.041662
21,19.198566
42,33.79433
31,19.086313
37,33.121605
21,21.929405
20,23.331974
34,33.655235
39,30.351734
15,15.2207575
39,35.793938
26,23.772102
10,15.832528
49,39.820557
23,25.25998
32,33.06328
23,23.777802
26,22.31649
25,24.400158
26,22.182486
20,22.785336
25,25.241629
26,25.739935
13,14.46034
43,38.644203
18,13.355365
15,14.711348
19,15.935417
48,46.35309
25,28.793152
15,17.722252
25,22.650301
18,16.830288
40,36.71797
26,23.612047
38,30.440767
39,36.27561
26,30.47547
33,34.385723
23,24.048666
19,17.187614
43,34.914627
13,21.300133
29,18.509392
38,36.67085
42,40.36368
32,35.07998
19,16.658773
25,22.795597
24,22.343426
23,24.358318
11,13.944666
17,16.695177
32,26.740547
32,27.92316
25,28.890022
16,15.4416275
28,30.555134
46,39.885113
29,29.00316
22,18.71938
15,19.146881
20,22.960085
28,26.29585
17,22.280363
19,22.097935
28,25.357235
34,26.583876
23,24.002129
15,23.073975
30,27.737318
44,36.839386
29,27.255917
21,16.077122
49,44.67524
25,23.41576
26,31.04435
16,20.63767
26,24.781319
18,17.67978
38,35.178913
34,26.06658
31,32.432575
14,17.778147
27,26.787806
27,20.704117
27,30.302195
15,20.33848
12,15.381928
20,22.70602
30,23.027761
15,14.809963
20,19.791288
37,34.762203
28,26.204489
27,24.101141
39,41.58112
16,21.853024
19,27.00507
24,34.56913
20,20.348034
26,25.07447
34,34.349426
17,22.599112
27,28.407352
21,22.241552
19,16.297428
22,24.910978
30,28.815113
21,19.679815
37,37.750305
16,19.342802
34,31.01016
45,43.497498
27,26.731497
16,17.436617
23,20.287916
38,39.073784
22,25.953245
41,39.66751
38,39.206177
25,28.69214
26,29.534733
27,19.361027
26,26.646824
28,25.165781
22,24.232273
16,17.489042
39,35.683075
29,37.550446
13,12.821341
14,14.964411
29,29.516237
18,19.510565
27,27.820303
25,28.009487
25,25.361074
25,22.958685
41,34.279045
22,24.350456
32,34.542942
26,24.255295
42,36.84131
34,36.464527
31,33.028175
25,23.521248
14,16.06957
28,27.959421
15,22.52046
26,26.703133
30,25.052965
32,33.953495
26,29.305363
38,34.516315
19,22.244247
22,21.68232
37,35.42315
25,22.302185
21,18.33447
31,30.215311
26,27.001875
22,16.232986
10,13.988124
36,41.8419
18,19.111355
32,32.88411
27,26.81991
20,22.438437
29,22.601816
20,25.75604
42,41.73764
10,13.933219
17,17.398731
28,24.295446
18,18.790234
22,22.170052
24,22.89097
28,22.621311
12,19.860826
16,12.91813
24,24.10161
26,24.766989
34,33.319637
26,22.268576
30,26.830446
17,17.99748
10,15.215378
17,15.519732
22,25.827978
36,36.48848
30,27.066067
31,39.08593
36,30.49755
42,41.48889
30,19.44746
36,37.319904
44,37.436054
25,24.92562
36,36.659676
12,26.28573
46,41.71199
20,25.61924
18,17.181326
27,30.40597
30,28.053352
31,38.127174
28,23.794922
46,41.410156
27,29.78368
14,14.124756
22,21.719479
46,41.586033
26,30.262262
13,14.448229
15,21.98986
25,27.016733
18,22.360504
11,21.875223
17,19.541204
19,18.226995
11,13.886669
17,16.688345
44,42.394024
27,29.737865
40,36.87521
48,37.604824
28,24.184895
42,39.66614
13,14.0625105
45,41.933105
15,13.760708
27,29.81063
33,29.175589
34,26.100702
28,25.070797
25,25.768684
15,21.94258
20,22.434092
24,22.583826
24,23.662977
14,16.963928
36,39.968887
13,17.030172
20,21.855474
15,16.571611
18,22.509806
48,50.255924
46,39.656517
19,21.018024
26,23.248137
23,24.963673
31,27.761751
43,36.904995
17,16.494501
15,13.155958
34,36.91603
29,25.197456
26,23.010418
32,28.1204
26,30.456242
19,15.009278
15,16.239124
11,19.813711
15,16.850842
27,32.319744
24,25.891275
25,27.82332
25,23.338766
12,15.414736
14,16.941515
18,14.248288
39,36.32203
10,14.103793
16,15.205699
23,23.298788
16,20.816383
16,14.782799
11,13.364488
32,30.47275
33,36.657177
31,26.091724
42,41.065132
18,18.856514
42,39.783638
29,21.879194
32,29.343409
17,19.206045
36,27.553637
22,16.986929
28,31.719069
27,23.030416
15,20.280558
41,41.513023
25,22.138042
25,23.217438
18,12.11178
28,28.729145
26,21.382345
22,22.642849
36,38.311977
17,13.201035
35,35.294212
26,22.452902
20,25.276495
30,33.29568
25,23.963501
13,12.605456
17,17.59456
20,23.218466
39,35.82779
42,37.382885
28,23.056913
15,15.094158
32,36.669346
24,26.260143
15,17.491678
20,26.603508
23,25.399326
16,18.61303
29,29.323252
25,29.51648
23,20.795464
23,23.55708
33,28.832054
36,29.151926
16,16.282831
10,15.693197
18,17.178778
24,21.433428
11,14.342632
32,32.436806
31,36.666935
16,21.757957
29,27.619627
21,19.467594
29,22.555231
24,24.052107
40,44.92245
25,22.617777
31,35.588993
19,20.750143
35,25.846962
34,31.424911
47,44.913376
33,31.512821
14,15.337637
16,23.240591
28,22.045704
29,21.675858
32,35.23661
36,40.587254
21,25.362303
29,29.748257
49,44.870213
20,26.699848
27,27.554302
22,24.717466
37,37.572628
12,19.213858
17,17.090124
44,34.455486
27,26.79033
38,39.928123
23,24.359722
35,37.583374
23,24.03508
24,25.693695
23,23.890074
23,17.231903
42,37.386173
43,40.933693
34,32.382805
26,27.178284
28,28.162838
18,23.813343
27,25.048231
21,23.789616
25,27.415754
23,22.150805
34,24.141329
36,39.389465
42,36.288925
41,39.169605
16,16.911985
22,22.986547
30,38.12855
24,17.83078
20,26.046747
16,21.967747
22,22.643412
33,23.05713
38,36.325768
31,29.041304
16,15.585035
16,16.320566
39,40.80529
18,25.776897
28,26.815498
33,34.240486
42,35.544624
35,34.22494
11,13.465483
29,28.213337
21,25.357546
22,22.882427
20,23.213135
17,16.915855
33,30.84823
20,20.973078
14,15.560389
18,18.8554
13,15.642072
23,24.650274
21,21.337742
24,25.98924
48,36.737095
15,13.665481
29,25.031776
31,33.655693
42,40.14686
19,19.701756
39,38.36657
16,18.866667
26,20.840508
21,23.010653
23,21.721672
40,39.45049
25,24.804085
26,30.292992
39,29.837454
27,24.508083
54,48.91149
20,23.983688
21,21.921167
19,16.621134
27,29.047905
35,35.26759
38,39.415947
20,22.571373
37,30.998917
12,19.687374
37,41.46479
20,25.74645
40,36.258793
25,29.172024
28,20.65772
18,16.082516
33,30.583403
34,30.144135
37,35.77326
27,25.634695
35,35.219814
52,45.981514
32,33.764107
18,18.38666
22,23.669037
29,23.971867
15,19.854202
28,24.805473
27,28.010403
38,42.226494
13,19.03364
12,20.300337
15,21.791325
27,24.524294
36,34.62031
51,49.192673
17,21.418959
39,41.4891
15,19.019266
20,18.707077
15,22.922802
30,26.364862
20,18.866129
20,22.246557
23,24.079569
13,14.960077
17,16.657515
28,28.91715
26,24.194208
24,22.363096
41,48.451107
16,16.414625
27,29.904799
17,19.315056
23,24.030598
30,29.524343
33,36.165653
15,21.679247
13,15.193176
24,23.317389
26,25.727793
21,20.774109
17,20.268131
16,18.924547
23,24.296787
21,21.796112
28,28.96033
28,29.53021
24,30.098818
18,16.75924
30,29.32954
43,36.298145
31,34.953506
38,41.755234
15,16.99667
42,37.01766
27,24.162714
16,15.393864
20,21.540379
19,24.136686
10,13.606647
24,19.241018
31,27.634495
12,13.417655
22,24.55078
34,31.972868
14,16.506332
29,30.951626
22,23.400337
23,24.202705
19,22.717672
24,24.57801
30,28.030449
17,16.41939
32,33.954937
27,18.201223
26,24.84959
44,47.821167
20,18.929724
31,30.031658
45,35.80231
19,22.306826
17,20.215586
14,14.199252
29,29.360456
15,21.254843
20,24.854923
35,35.099422
16,18.156488
27,24.602812
15,16.86257
32,34.43725
30,26.666477
26,22.860613
27,22.749195
30,25.650469
31,21.377993
27,30.06905
29,22.012669
31,36.579315
18,15.973839
50,47.126644
34,29.442308
48,38.697075
35,36.48919
28,29.62801
43,44.574436
24,26.029358
28,24.800476
27,24.716537
37,39.178482
15,20.869406
25,26.087828
26,30.34898
20,22.118282
26,24.162235
32,31.956507
30,34.697033
17,15.694109
18,15.546789
13,12.587738
30,29.873571
39,35.700634
49,41.745567
31,37.650528
22,22.913538
40,41.271576
22,26.211267
21,23.369741
20,29.41187
20,22.889833
19,21.26275
16,17.193197
15,18.923532
16,20.462187
19,22.510973
43,45.518482
46,47.88637
28,24.484894
34,30.899445
24,24.378254
17,21.975239
16,25.219547
28,19.279066
23,18.120682
19,16.786436
16,17.025723
42,44.440716
23,18.827997
36,34.798866
44,45.586857
16,13.995567
35,35.800793
25,29.901842
28,26.047392
49,40.525284
32,32.78174
30,30.626827
22,22.787252
36,35.427696
16,16.153183
10,21.768074
16,21.34105
51,48.113026
17,16.518816
19,13.3513
41,36.768612
40,34.290497
18,18.085087
43,42.9019
16,17.161852
17,15.955026
20,25.694141
23,21.004295
26,23.692104
20,28.92339
27,26.297195
18,21.957745
22,21.623163
38,34.672752
17,21.61363
32,38.145973
26,22.833645
37,35.00232
37,23.445156
39,34.13249
16,14.665794
44,41.192944
26,19.67547
28,20.45782
25,20.989347
18,23.003225
41,34.360767
28,28.795544
33,37.582523
26,21.61413
19,18.892427
28,31.627996
22,18.035952
17,18.825445
17,17.05655
34,31.21669
17,14.708193
28,30.58565
33,35.23532
45,41.986458
26,30.244719
19,20.027874
40,35.64548
21,22.320122
47,39.774067
35,29.349457
18,15.336726
44,41.722893
16,19.093136
35,37.82916
34,28.739708
40,42.169075
18,22.652962
25,25.816387
26,24.299519
38,33.936504
14,14.073647
19,23.56928
26,28.916864
32,37.58068
35,30.334858
23,17.693502
26,29.633358
44,37.63498
24,29.22357
23,21.309927
32,37.48893
36,31.072098
32,29.468307
43,46.92696
13,19.92274
36,41.41002
38,29.953089
43,38.048622
18,22.306416
34,25.486954
14,14.092246
33,32.472015
37,37.16061
44,41.763615
33,32.844368
15,22.288378
26,21.064812
13,15.023564
45,43.944878
20,23.805998
41,40.0182
27,27.44111
32,29.529259
36,35.832764
33,27.008842
46,39.333397
19,21.518476
34,32.394695
32,32.708336
23,24.470219
20,22.869373
39,35.640484
44,43.42517
26,24.80284
22,19.635284
29,25.907751
44,42.553486
35,37.380848
15,17.030134
25,20.2277
16,17.38566
19,14.864306
19,14.576255
13,13.725653
23,23.216042
34,35.579304
35,38.77439
13,13.914728
35,35.386677
41,38.161495
18,19.774485
30,31.29725
39,36.682266
16,19.368326
30,29.849535
10,14.825529
22,23.051237
25,30.570944
29,28.609161
24,23.808851
17,18.77169
22,28.849688
40,40.002796
17,23.594463
19,22.51053
27,26.975222
27,29.338755
27,24.308647
47,45.832
28,22.05068
18,22.881422
49,45.806805
17,21.709028
19,19.285599
33,31.0675
11,16.027142
13,14.209578
17,18.49681
28,28.609922
30,28.323008
29,29.114115
34,36.807964
21,19.287996
20,19.05734
33,27.009314
21,24.60133
18,18.171722
47,45.565968
18,26.133522
37,42.199543
25,22.371609
21,24.511658
16,21.840452
38,34.509422
32,35.545334
25,29.476648
21,16.807377
30,25.77702
16,14.058955
20,25.329103
27,24.572943
19,20.959833
38,39.74899
11,16.1212
27,22.797274
28,27.165586
26,27.80409
26,24.097466
39,41.603218
48,41.20305
39,35.881958
22,21.200535
26,23.538807
30,26.494352
48,38.325855
28,19.986073
25,28.19681
28,26.835972
18,19.219694
37,36.561325
26,30.222305
33,35.541756
24,21.87182
30,27.266739
21,24.142836
33,33.510197
14,14.648211
38,40.850716
15,15.773247
24,25.331104
37,39.39886
49,35.15783
36,30.1661
16,17.15035
16,18.12705
37,38.32349
53,47.60469
24,21.836184
26,22.724598
24,21.493967
39,42.123924
16,19.387339
23,18.779882
38,38.80667
35,31.873
23,26.961319
15,23.333895
12,20.231535
21,26.462324
19,20.654667
38,34.61953
13,16.134026
29,30.116207
19,23.297684
16,19.045404
30,28.543743
23,16.691942
24,22.18073
34,40.059376
27,28.776165
26,25.107912
32,32.58406
25,21.889534
29,22.941803
33,31.604216
22,24.907537
22,22.947111
37,37.437466
25,28.157127
29,30.884672
20,23.68505
17,17.923721
25,23.000742
27,24.179962
29,21.73757
19,19.596645
23,19.27165
22,24.878996
32,36.512375
23,24.480545
34,36.942425
54,48.355225
24,22.277256
26,27.680786
35,35.35748
52,46.389168
33,34.19506
29,25.821224
30,23.712051
26,22.613052
45,45.390347
37,35.96587
26,20.130741
19,20.635391
10,14.039159
34,37.854633
33,35.22624
30,27.483059
36,31.298878
21,22.910664
39,38.610294
24,22.695688
25,29.15598
21,24.587795
27,29.74013
25,28.229313
37,36.92577
48,34.21838
27,28.031733
33,26.489016
20,21.79742
10,13.449328
23,28.60261
26,24.838976
20,26.622625
11,14.948361
11,15.096737
22,20.446898
17,22.490326
19,17.13339
28,25.634117
29,28.001055
21,25.94894
25,28.270008
25,24.220144
51,48.90523
26,25.03056
13,14.813203
32,38.007675
27,23.976496
27,28.719995
31,35.942207
33,34.63014
19,24.402561
21,20.291735
19,23.643814
16,22.010227
19,19.256716
10,13.937781
41,39.429325
18,16.617704
28,29.573435
25,27.294386
22,24.733318
17,22.882143
22,24.342
14,13.805584
11,15.81898
25,21.865435
35,35.014866
23,24.098106
39,41.283752
22,22.355522
18,14.788177
25,28.526346
50,31.465708
18,22.856922
44,45.949074
30,26.83214
29,30.70911
26,28.821447
22,20.001034
22,17.85527
17,17.46004
26,27.302256
25,20.552557
43,43.998707
10,18.176254
15,16.408714
26,23.136885
29,29.455559
16,21.950115
16,19.345062
11,14.048884
41,41.21863
33,34.38731
20,22.81184
21,27.108978
28,27.471327
28,25.906572
27,23.890669
46,45.844852
17,18.65524
30,30.355453
33,33.84345
22,18.759342
25,22.501595
16,17.053535
18,15.534085
24,24.358534
40,40.958076
34,29.538847
37,28.612751
21,21.81181
46,46.480114
21,23.49446
36,33.808907
27,26.05696
31,30.53455
42,38.247276
25,25.737204
13,16.140757
29,30.53732
31,33.96118
29,21.083883
14,15.522454
36,40.915485
44,41.44121
25,29.572577
27,24.292671
24,18.889036
35,38.099884
24,16.20042
41,36.91002
17,15.756561
33,24.305965
20,20.92927
52,47.39707
20,18.955956
15,17.061853
18,18.367678
23,23.720453
26,25.954111
42,36.816277
15,14.202167
22,23.235826
12,13.965781
17,15.869905
44,42.06451
19,14.7712555
17,21.45741
42,42.001953
28,21.733587
29,29.01422
46,40.67631
34,37.952824
13,14.865662
22,24.812963
22,23.216301
31,27.314991
19,19.714594
28,28.621813
19,17.91102
21,23.687134
10,13.640511
36,34.028824
20,22.743624
24,20.202888
21,24.158234
34,36.016716
26,21.83515
10,13.873948
10,14.330076
31,32.858295
15,17.481901
26,20.150251
16,16.76438
13,13.421403
24,23.898968
30,29.800577
17,19.84976
19,21.513699
20,18.374043
27,25.849432
21,24.644194
27,28.58329
16,18.94617
20,19.721409
25,21.985397
10,14.133823
27,22.869947
18,14.001326
30,35.871193
26,25.406174
18,13.99827
31,28.239626
30,28.22651
26,25.067062
34,28.203312
36,36.168358
27,23.594574
23,28.42692
28,20.700207
20,27.076857
19,14.364292
27,25.621939
16,15.094566
30,22.168356
28,30.658012
32,30.669842
35,36.28402
20,24.960192
26,29.050018
47,45.03715
37,34.50883
34,28.523918
27,24.219173
42,41.57543
17,20.176191
46,41.650402
28,25.03362
29,23.918282
16,17.761538
34,27.501451
34,34.450073
28,25.195765
11,13.874654
23,20.165129
24,23.489822
32,36.699154
15,17.610432
29,29.040384
27,27.31372
32,34.90324
27,23.852537
19,15.654782
22,25.070929
11,16.66051
18,27.30673
36,37.9464
21,24.94274
25,29.913715
27,29.288202
28,27.85852
45,42.287704
28,23.135447
22,22.446577
19,15.256154
36,37.119728
38,36.335163
47,42.297707
11,14.398691
13,15.210929
39,42.089916
41,42.707485
30,28.992819
15,17.314804
20,21.646133
33,34.464066
15,18.371578
27,24.630424
20,22.491774
23,23.066832
20,18.39309
11,13.61604
33,32.97521
27,21.606129
30,28.140259
27,30.2926
46,42.279037
23,21.012018
32,29.843107
24,18.950256
44,48.018257
28,27.298752
22,23.418587
31,34.247383
36,34.55829
50,42.4349
18,17.524708
25,24.387861
32,35.68988
16,15.192822
28,19.18837
34,37.65853
12,13.602316
29,26.121712
34,35.452217
37,37.884865
21,19.864935
32,32.79917
20,25.894644
29,27.51434
28,25.117884
18,15.05337
19,18.596085
25,25.129416
34,36.946453
34,26.32613
24,25.396427
28,32.799908
19,16.397594
30,35.002506
38,24.843748
12,19.509148
17,26.773989
11,14.496869
18,17.473679
27,30.68592
30,26.243631
31,29.22615
43,47.927803
25,23.964092
13,18.59516
23,19.145151
16,18.338882
31,35.921947
18,17.938982
15,23.104643
20,23.062918
35,40.281513
22,30.003342
46,44.969643
26,31.023346
21,20.468857
28,28.135475
17,16.387957
34,35.47421
25,30.927933
36,41.24603
27,23.547209
22,24.56156
31,30.57218
41,33.895817
35,34.11705
41,43.678802
30,30.551987
27,19.862358
15,17.824492
20,20.376936
28,23.690634
10,14.297425
29,28.089874
30,26.873539
28,30.49415
13,18.819237
33,29.827852
24,24.169323
10,16.523695
20,22.971596
38,40.714775
20,23.056059
29,24.817974
21,24.548597
28,29.577856
46,44.08857
30,35.001217
11,15.0074415
32,32.983513
38,34.580227
20,21.268724
22,21.389523
19,22.94058
29,23.417372
21,23.40855
47,45.509968
18,14.884258
26,17.709267
31,34.86418
34,36.53439
26,24.614702
29,26.376732
20,20.276165
18,20.672304
37,41.5839
33,37.163136
32,28.52882
15,16.774963
22,22.910904
44,42.3313
34,38.31348
20,24.090752
18,17.163033
27,22.580107
26,28.27604
20,24.072605
27,20.98677
45,49.142555
25,22.861944
13,14.403921
17,14.172612
15,19.197771
42,42.41209
27,26.18719
18,19.97145
48,45.353245
28,29.161098
24,20.370968
36,34.993076
37,40.690838
20,20.33477
20,22.78119
31,37.040653
28,29.331629
26,22.174297
10,16.104815
28,28.522831
49,44.435753
24,26.786188
15,19.106152
42,39.054325
34,36.228775
40,39.485966
25,26.343403
33,32.501152
16,13.872305
29,22.21922
10,13.127878
37,29.083092
24,22.805138
15,16.117943
32,35.25792
36,35.22404
28,26.97474
30,33.212822
23,19.72418
24,19.581524
23,23.72667
25,20.710552
29,23.783142
35,34.20418
37,42.57602
22,20.580896
26,22.100311
12,15.615442
36,33.459988
15,21.761913
27,19.561377
24,22.16974
39,43.18842
25,20.492884
20,22.44579
29,21.330381
26,24.201023
35,24.949467
45,42.012375
18,16.056906
41,40.58997
24,22.844303
21,20.232502
13,22.73377
30,28.698627
15,22.049376
27,23.228317
41,43.905968
18,21.482513
24,23.001286
32,36.614765
18,13.558432
27,25.535847
30,29.950747
39,38.692295
21,23.908192
25,20.948895
21,20.309341
28,23.972952
28,28.87619
33,33.729305
29,23.859838
15,16.117516
18,22.655735
19,18.152184
24,21.377832
34,29.033903
34,39.050972
17,15.321373
26,28.707464
41,34.90919
17,15.771485
13,15.46991
10,12.812485
43,47.00575
21,18.663757
40,41.17633
23,22.951834
23,20.96845
46,44.87896
23,26.517342
37,38.763298
12,16.380896
18,18.406715
39,33.713078
30,27.035864
19,20.137398
17,15.918329
41,38.59193
27,27.415503
34,28.147652
31,30.195694
37,36.223766
18,22.876316
26,21.96533
16,19.290482
20,22.90488
51,43.105984
22,24.2722
17,23.261948
26,23.648672
21,23.553978
25,23.131739
25,24.614584
19,18.388247
17,17.783283
31,28.358618
46,44.64935
39,36.877964
17,16.5684
27,24.655483
17,22.535908
24,22.17872
37,37.209812
40,36.330647
13,16.514755
38,42.01164
22,23.095583
19,16.414913
35,37.794975
39,40.02391
22,18.459087
24,22.421192
30,27.316885
39,34.784233
37,37.25925
41,42.122784
26,24.339033
30,37.472954
24,24.3467
11,15.948868
34,34.036095
25,24.089163
28,28.71017
21,22.575958
35,36.407578
28,23.783749
17,17.868896
17,14.674049
26,28.473522
17,15.520601
17,25.488703
19,15.444266
31,28.73561
25,28.926855
32,33.96295
22,22.00362
13,13.877077
26,23.766493
43,36.653576
20,24.210468
18,13.993431
39,30.741966
21,21.51443
16,13.953502
16,16.907583
28,28.719769
15,21.746948
27,26.832682
23,19.68054
11,15.88168
14,18.11651
15,13.8544855
31,26.842123
43,45.49436
28,22.44202
32,33.562935
36,35.49461
39,37.180195
20,17.790508
16,19.317223
22,24.083412
46,46.75865
10,15.922543
36,35.219986
19,23.08215
39,39.669956
25,28.686045
15,19.316433
31,33.938896
39,39.997158
38,37.364426
29,21.797184
25,29.570522
13,21.351707
28,27.716288
20,20.813812
13,13.985689
38,36.991096
32,29.805233
29,29.538883
13,13.654617
32,37.067753
26,25.277962
34,35.28928
24,25.14578
24,23.327053
15,15.175013
21,23.917646
39,35.281483
54,43.3405
52,49.269043
25,20.760931
33,38.605003
17,15.705563
15,16.07037
32,27.591774
12,14.986801
33,33.6788
14,21.135525
14,15.320232
30,30.69076
39,30.997055
27,23.867764
19,28.236517
16,14.979854
34,27.37215
18,29.620796
14,15.743112
24,18.824856
48,40.50018
27,29.856884
28,23.123457
36,30.405643
36,42.98711
12,13.306815
12,22.526428
22,24.955997
14,15.647586
28,24.197412
28,24.565275
18,16.314354
22,21.705505
28,29.283192
31,33.16299
25,25.818686
38,37.620056
15,17.315062
11,17.177011
21,27.323843
49,38.502033
25,25.556849
28,27.372213
26,29.326118
17,12.554845
15,18.7403
29,28.19669
32,36.159184
29,26.6408
39,30.951889
13,16.901278
22,21.496151
32,25.778448
34,31.160175
18,16.70741
10,16.22336
12,14.59129
16,18.44685
41,39.210197
41,38.152878
37,34.80922
31,31.632818
32,34.345074
18,19.23037
23,22.07041
16,18.767544
20,24.154451
38,32.337856
35,41.673138
17,20.467812
24,25.099888
23,24.256153
26,24.333921
32,32.299007
21,23.050802
16,14.570774
20,20.963074
39,25.371103
24,19.512781
12,16.014559
27,26.21565
26,22.796875
33,36.422256
13,13.267841
27,29.324497
18,22.215445
26,29.532757
38,36.669666
43,38.510086
23,22.094105
15,14.859547
15,18.468054
17,18.707027
25,22.114079
22,24.602064
22,18.202417
12,18.25787
39,34.750023
29,23.983791
17,16.501747
32,38.374973
19,14.820504
26,30.237043
18,14.588296
17,17.684942
46,39.806004
21,22.054375
11,13.776124
33,32.91866
37,39.98903
23,20.202383
26,31.859697
26,29.530745
28,23.689766
16,18.829765
11,16.387337
45,42.342567
25,27.971869
32,29.419588
20,24.814043
18,20.445776
12,13.613963
33,29.198801
35,42.077835
11,13.270272
21,25.428885
25,28.539637
18,17.206995
31,36.560658
39,43.076004
39,34.93839
24,18.81593
39,35.47142
14,23.788532
34,33.041775
33,29.190226
33,32.68505
29,24.73891
20,23.82873
47,41.039356
21,21.838926
15,19.68272
15,22.170168
25,26.616215
36,29.24381
29,30.854774
17,12.762447
39,29.274204
39,38.707497
26,24.405737
42,37.43268
27,23.669796
30,30.493462
25,28.570747
33,33.385033
36,41.395176
33,36.398396
16,21.044413
18,19.651997
24,28.359058
11,14.759135
40,38.734425
33,30.465157
18,16.343864
33,33.548687
17,15.641802
31,37.12069
18,14.308066
28,25.715576
29,28.380606
25,24.698904
26,24.450151
49,40.21757
20,22.555046
21,27.26398
17,14.78905
32,34.135006
34,32.38783
17,17.969826
16,20.379095
22,29.444233
23,18.361738
27,22.626854
40,37.201195
44,38.157135
29,27.965677
21,17.522999
12,14.088107
16,18.96695
26,26.075245
24,18.692986
16,21.619926
18,20.44637
16,22.525314
28,26.89403
27,24.967691
14,20.713974
30,27.48016
18,21.302195
27,21.881695
24,27.449259
49,43.806183
47,46.027473
22,20.894821
18,17.168062
17,15.419771
11,15.656818
23,24.429346
32,33.35562
25,20.062412
29,29.78341
31,32.41979
13,22.838787
40,40.743713
14,15.736218
41,37.09698
26,31.07833
27,21.469307
29,28.006893
49,35.901764
40,40.590626
28,21.763603
19,16.269222
42,41.513958
23,25.848028
30,37.116318
19,22.523767
27,25.683357
27,24.817848
22,22.247986
32,35.066265
14,19.166971
19,20.843622
16,18.205063
36,40.15033
28,29.576036
17,19.043915
11,11.35298
19,23.224188
15,14.171214
24,22.918262
33,29.567017
28,29.56226
33,36.039925
39,34.965942
27,21.183926
34,32.930187
22,20.987087
40,42.39626
29,21.595432
13,15.456455
29,23.698946
35,36.28631
17,23.329607
29,31.67359
22,24.459791
24,23.957165
13,18.2197
20,24.36805
30,28.7876
11,17.116978
21,22.268595
41,37.707478
26,28.576464
54,39.663464
43,41.566574
20,21.469051
38,37.845757
13,19.208551
26,28.316921
30,35.987686
24,24.211527
30,36.888973
22,18.117043
34,36.113293
25,24.628174
20,21.910524
21,25.306702
28,29.489258
18,17.549799
36,40.441875
25,18.774637
22,23.981153
25,32.22125
15,24.936346
32,29.049244
36,37.225147
28,26.380714
11,12.498221
41,41.57753
49,46.679928
43,33.02399
38,33.6744
22,24.02017
25,26.468094
26,21.616848
19,17.927647
37,37.820328
19,21.393667
34,33.03214
16,21.439749
32,33.78115
27,22.297762
48,41.194786
12,15.293056
43,37.461975
28,21.673405
30,26.123117
51,50.085743
13,19.65537
31,28.0531
21,21.434517
34,37.484547
12,14.687539
19,12.820135
28,24.031137
23,24.077497
21,27.573048
15,16.146297
28,27.69521
38,35.417786
26,21.223398
41,43.58951
11,14.622506
10,12.447799
11,13.300831
28,29.12256
40,42.718586
27,28.422014
13,14.805028
27,22.806093
39,36.28299
41,40.79524
28,21.499458
17,15.495445
39,34.22816
38,37.10717
16,20.350962
35,34.39382
21,20.675821
28,31.019901
22,23.571102
16,16.914946
19,15.59826
43,34.468254
20,18.4103
18,18.085157
11,15.823458
46,34.093628
24,19.435146
18,15.206645
20,20.008997
31,35.277
48,42.21539
18,17.822477
23,19.161959
17,18.803614
33,28.720554
29,30.387197
28,23.399601
26,31.084381
39,34.337894
35,29.513306
17,22.12441
33,40.036743
23,24.545898
21,23.95263
10,12.919584
38,41.21233
20,22.239342
34,33.66649
16,18.630236
33,33.39849
19,14.605817
16,17.50496
12,13.341353
42,42.161263
29,30.490911
19,16.27082
33,31.534702
16,13.864732
22,23.027775
10,15.969666
19,21.95328
15,21.275084
19,20.120667
41,35.011806
16,15.213996
37,30.67429
25,21.517788
26,24.771317
17,17.671734
21,17.719635
17,17.501781
36,37.476288
11,15.50726
22,26.812384
28,26.89959
32,27.950354
37,36.998188
21,19.679403
23,25.642544
43,36.73386
23,23.700844
38,37.733112
16,17.104225
22,23.955215
20,23.061657
29,28.026121
29,24.694033
26,28.37664
28,23.667795
42,47.32756
22,18.268469
34,24.210747
27,21.174053
27,20.992428
23,22.037409
17,21.7027
35,38.201298
28,21.30196
26,24.704327
10,17.21832
15,23.604588
12,16.480265
33,36.401505
17,20.058634
27,24.133564
22,22.837637
19,18.590935
38,41.702915
42,40.443905
31,34.78998
42,44.912415
25,26.27112
47,42.060352
29,28.491032
30,26.560888
25,29.618145
44,42.353714
29,22.037878
22,23.536001
29,30.082275
50,46.935482
39,37.108715
36,35.80801
16,17.301104
17,19.453762
44,26.29331
22,22.184612
21,22.258505
15,14.350364
20,21.867643
49,40.600086
26,30.681408
41,40.911552
28,37.988655
16,17.024565
17,22.062382
17,20.17863
17,19.41145
19,23.090746
20,27.116962
28,31.434053
23,18.891617
35,35.075546
17,20.666206
29,30.212255
19,14.815453
21,23.424828
11,22.360626
40,34.458508
21,24.038897
19,19.469223
24,19.030365
22,23.986725
30,28.414349
36,36.92506
30,29.638721
19,12.840471
19,13.216415
25,30.412766
19,23.448357
29,21.261206
25,22.07558
40,39.07006
14,16.0307
40,46.946663
26,22.719889
20,22.632704
18,22.96041
16,23.479572
17,21.987274
44,36.258602
27,26.345434
18,18.85476
39,36.389187
29,24.844126
32,29.374233
22,22.54147
31,33.322174
40,37.825012
17,18.898453
23,21.316727
26,27.709867
36,39.195698
22,25.3332
36,29.318863
41,35.519615
17,16.761898
39,30.962421
22,23.63213
20,25.787437
21,21.094284
16,20.24287
17,22.182915
35,33.017002
17,14.744897
48,42.993446
13,15.519113
10,12.87201
25,30.644518
34,33.083626
38,39.578056
33,33.64561
43,41.942856
39,40.602703
39,39.55188
44,41.46108
14,13.939727
35,35.13443
28,21.619041
38,34.33315
17,14.555182
26,22.074135
26,24.3322
18,14.8958845
30,37.44995
10,17.067186
22,28.201666
24,20.172716
19,19.236763
41,36.38425
25,27.713936
24,20.653944
17,17.043066
18,15.774245
28,29.776094
24,31.492105
26,22.792912
27,28.338129
19,17.465837
28,22.038818
23,17.501158
16,14.24932
23,25.712606
14,14.575365
26,26.576513
24,24.332129
30,31.358257
44,39.031174
39,37.14841
19,18.273233
22,21.692526
15,22.090816
23,23.33093
48,41.17972
53,52.29524
18,15.431358
20,22.637142
45,39.161037
43,42.090702
36,37.569218
25,19.739393
52,39.797157
25,27.118715
17,17.479029
32,32.347927
24,22.276781
24,18.960546
32,27.998402
21,18.694355
17,19.189985
22,18.812971
34,39.650494
13,15.331956
18,21.645033
21,23.240112
31,32.296837
33,35.825607
27,23.767227
30,28.694302
29,22.397978
26,20.51513
18,15.984948
26,32.128185
16,16.953028
20,22.387197
22,22.446886
21,24.781591
18,19.458977
28,20.809017
40,36.240883
29,23.084356
30,25.942408
14,12.951085
45,46.79635
26,24.565657
27,26.297718
28,21.455227
33,32.674503
19,21.501614
41,37.15069
25,26.427586
13,18.056057
36,29.250296
14,21.112473
30,34.17522
28,24.967512
20,18.179697
17,15.249089
38,40.814426
18,15.908222
28,31.519566
49,41.209858
38,34.164764
28,22.053944
34,25.795324
13,15.31719
45,47.547447
19,19.989634
21,24.039053
32,32.15102
11,15.067427
37,34.698578
19,14.940524
33,36.518898
15,14.636124
30,36.163292
18,20.200811
29,24.517883
25,21.820848
17,16.071379
15,22.854586
40,38.109055
24,23.777557
28,25.356745
34,38.381313
13,14.800404
19,17.697187
15,22.818455
10,20.245031
15,21.36523
24,20.472513
37,40.015285
20,23.541082
27,27.636442
33,28.883423
19,16.245012
23,18.56709
33,28.260365
29,25.382214
39,29.327711
22,24.888428
39,36.49127
29,27.824987
39,43.049194
19,19.225786
31,28.510204
20,20.379251
18,21.37275
16,15.544989
15,17.742445
25,28.015629
18,20.1488
26,25.820787
11,14.098556
28,23.645803
39,25.0827
52,47.65738
17,22.523989
38,35.185066
22,22.194008
20,24.116478
26,24.330637
14,14.624589
26,31.729103
16,14.3783655
29,22.702333
20,24.277348
20,28.201221
24,24.061966
13,13.708763
27,21.54586
23,22.410467
16,17.10831
36,36.109516
27,23.88698
24,23.635347
16,22.83858
26,21.066713
10,14.41923
29,22.87376
49,43.062435
27,26.892723
25,24.995514
18,15.317474
19,19.968325
23,24.279787
21,22.646866
48,46.778973
26,27.904263
43,45.754128
24,18.722076
20,17.274845
19,16.40777
27,32.054256
17,15.435213
33,23.96002
23,24.148758
16,18.407633
37,40.023407
37,38.876545
35,35.774284
25,27.66028
11,14.49299
35,35.95027
17,21.564247
17,19.493761
17,14.641031
13,13.369697
19,16.369034
18,18.885597
19,16.587454
39,39.29394
17,15.331607
16,19.66128
30,32.428383
26,21.619263
28,24.110035
27,22.255457
18,22.070045
25,29.914179
25,23.015415
33,29.443773
35,35.967304
35,33.246098
39,35.154404
15,14.924338
24,18.921614
30,30.612123
20,31.586342
24,24.033932
17,18.814072
38,40.072598
38,39.994312
23,19.85084
18,20.501047
10,14.15294
44,36.30983
15,17.856382
35,35.978806
21,24.054928
19,20.10944
31,24.466425
16,16.762333
14,15.627226
19,16.017881
19,22.738897
26,21.069143
43,36.019875
34,29.259659
20,24.74183
29,29.983706
30,26.610628
22,23.137024
18,23.321053
16,14.529319
31,34.383293
11,14.869429
19,18.988165
34,33.543087
16,22.024225
39,36.67233
17,12.960266
12,13.318777
32,30.32708
11,16.776114
25,31.15143
48,42.53034
31,33.880726
39,36.58096
18,22.941025
21,26.279228
28,29.511892
17,20.96988
36,23.266853
16,15.399154
44,36.58409
19,20.062304
33,26.709797
16,15.289483
30,29.545435
32,33.310116
29,25.321632
26,17.487967
16,20.96593
28,17.412125
27,24.323044
26,23.50234
16,16.156094
32,36.633972
25,28.367933
38,35.24327
19,19.462044
34,36.98017
10,13.661239
17,16.279917
38,29.127699
28,32.51334
35,34.629494
20,23.986307
10,14.94341
15,21.081932
37,39.78602
34,35.491016
34,27.204313
41,35.16995
27,26.47561
42,35.38423
16,15.6694765
45,45.67545
25,28.983055
23,29.664486
21,22.698229
25,31.773355
16,19.317385
28,20.652061
33,34.999416
20,25.074171
28,22.929428
22,23.815046
25,24.788347
24,21.914738
15,20.357937
19,22.654116
10,20.24998
36,34.851913
19,18.765776
29,25.497911
22,17.551985
20,23.947025
26,24.681473
31,24.822618
32,28.439438
12,14.683754
16,15.757473
19,22.556793
16,15.267154
30,28.30415
24,21.790968
36,42.627277
26,20.22601
14,13.542074
16,16.07603
21,24.540665
51,42.836994
40,36.918156
13,15.557734
19,20.175348
18,23.198896
31,34.517506
33,26.148623
44,41.989925
14,17.515505
35,34.762447
52,50.615013
26,24.002542
25,26.34716
24,23.201525
19,17.327635
31,29.42024
13,17.766817
19,13.382662
17,22.75729
21,26.318567
12,15.687264
34,33.968468
21,19.763584
34,37.787476
19,23.41442
17,21.247631
26,29.093935
25,23.806734
27,23.894897
38,34.790222
19,18.454062
41,40.653076
16,22.613853
19,23.108519
16,19.601809
21,19.489845
23,25.758785
21,16.804853
17,17.747473
29,21.943327
27,22.32518
39,34.22168
14,13.971709
27,25.372316
19,19.797195
25,29.722961
24,27.003939
23,26.886703
13,16.063253
20,21.351479
39,38.374744
11,19.684982
33,38.48368
26,21.059685
20,21.538763
40,37.44694
29,23.585735
30,29.08796
48,42.422882
39,29.774654
34,29.978779
54,51.05372
21,23.226854
26,20.787521
28,23.840233
45,36.1812
30,37.636414
15,13.86809
48,42.910275
39,37.530804
38,37.385063
31,35.124466
14,15.130839
21,21.092724
18,19.538414
30,35.226665
17,23.404177
24,26.527292
28,20.623867
28,30.817623
22,25.865473
29,22.48124
18,19.5042
28,23.264023
46,41.073734
34,32.646122
21,23.55259
40,35.68494
35,36.844116
24,21.926214
18,21.894405
36,34.247902
14,12.928036
15,15.062407
15,15.006418
47,47.320293
28,28.826262
24,20.373049
24,20.654997
11,18.182362
26,31.637098
31,34.59538
15,15.042273
28,26.241175
26,30.645037
37,33.60351
24,23.76022
11,13.314082
18,12.817347
26,28.681952
19,16.769497
18,17.86583
42,42.733135
18,19.192934
22,19.43403
33,20.479368
16,18.713839
29,27.23214
10,22.705778
19,18.618937
26,22.667809
26,24.718615
22,22.828941
32,33.58836
24,23.868027
21,17.171307
38,35.235336
37,37.97297
39,33.769115
49,40.669846
21,17.617373
23,23.053425
29,29.781738
12,13.650407
26,24.12109
24,21.188309
17,21.683699
13,14.628824
15,16.586395
26,20.92504
25,22.521193
38,36.081905
29,28.637308
15,17.635191
25,21.569216
28,24.468973
33,32.581333
31,34.55841
37,34.66421
22,29.950905
24,19.942421
35,40.45772
17,22.093124
15,21.049591
14,14.484318
12,15.373231
37,34.87133
13,21.96164
43,36.517082
14,14.066132
29,24.168089
20,22.507402
48,42.599262
19,13.945523
26,29.92661
37,40.628548
38,40.533875
45,46.296856
10,18.201622
27,28.824661
26,24.442932
31,33.681206
28,31.125288
26,21.479733
29,23.795599
12,16.059278
31,38.67394
24,20.010527
13,15.930225
49,50.52214
22,20.364899
34,38.37879
43,35.805782
23,23.95723
32,32.43495
16,16.027454
26,22.439663
40,41.927944
17,21.419235
15,18.580667
14,15.367188
49,47.872417
23,19.839233
11,15.480222
34,37.44313
16,21.894255
21,19.284967
20,23.727856
47,41.238747
43,35.16669
28,28.013512
35,40.436947
18,19.548548
27,24.729454
28,30.088316
30,37.841995
28,22.700052
38,38.206657
44,38.85768
28,16.674988
10,14.261268
30,19.291006
27,23.822592
27,24.482523
32,32.103622
23,28.67021
29,24.2854
26,21.857359
32,35.343998
48,47.412666
44,40.488323
16,19.752256
18,16.106173
27,30.062132
27,24.743519
23,24.228802
28,24.980265
31,29.024576
44,42.921257
13,17.07117
16,15.038704
29,25.66686
15,15.544455
22,24.350296
32,27.438992
30,28.93608
26,28.581434
33,36.42547
27,21.702305
29,24.091295
16,20.012331
30,29.262316
27,22.843338
28,20.238003
20,19.791533
21,21.575098
21,24.758036
29,25.779434
35,30.556572
15,22.399101
18,23.368406
31,29.05778
34,21.00382
41,37.58507
16,17.661432
29,27.75161
17,19.458284
20,21.269917
23,24.909464
52,50.57387
30,27.035044
28,22.381908
39,41.390953
34,34.98076
19,18.933138
44,39.21499
49,45.121048
17,22.802034
25,24.438425
15,22.699896
28,31.089407
29,29.810034
31,34.559265
46,51.247547
42,36.88634
37,29.854368
26,23.262375
10,19.186226
15,21.968683
31,28.035543
29,22.164865
18,13.645003
32,35.98346
16,16.22682
15,19.542505
27,25.202332
26,24.816576
29,24.309834
34,29.263044
26,22.405594
27,27.506178
16,17.804304
28,23.82369
41,40.104782
25,23.267502
28,23.642353
26,28.749174
33,28.44849
27,26.631163
35,36.45027
26,28.93859
44,39.278347
21,21.985628
16,20.39783
41,39.23529
26,20.083876
16,17.080105
15,14.215308
21,27.62857
30,24.498375
33,35.047783
15,24.399137
27,30.331568
31,37.738995
34,34.68862
20,19.28665
21,23.82129
28,22.84119
38,33.85957
31,34.174892
32,35.552143
29,26.84578
18,18.670635
21,25.67916
19,18.970945
34,33.235962
27,28.116661
27,27.08899
19,14.626918
20,17.51118
19,15.953898
17,22.693684
16,14.106165
16,18.02186
14,16.164316
34,28.275791
27,22.121763
20,25.569513
26,28.327763
27,23.301752
43,39.99833
44,47.979156
39,32.13365
29,23.783937
40,37.392445
28,26.382032
25,31.151907
17,15.503683
29,23.527012
27,23.775381
11,16.61271
31,32.813126
34,29.65849
29,26.919933
32,23.902866
22,21.536522
32,27.563803
27,17.40351
35,43.49663
29,25.534445
20,23.67855
23,27.352972
16,14.9327755
18,18.199287
28,20.328186
36,39.996346
10,14.454427
34,30.259417
17,18.961308
16,18.045124
26,20.14478
25,21.587248
39,35.107212
34,37.30248
24,24.814941
34,32.2291
13,13.313212
19,19.762142
43,49.901466
28,22.351265
22,19.049126
17,24.73742
15,15.52003
21,24.797337
33,36.64164
15,16.18124
30,25.340315
26,29.422314
43,36.727562
40,37.3565
50,48.849167
39,41.13831
41,40.282803
23,21.945997
35,35.056175
14,24.57579
12,15.252752
35,27.729317
27,29.556324
20,23.858606
29,29.213064
30,27.023918
44,45.84049
16,20.398815
17,15.090419
17,22.759327
47,48.324017
21,20.137987
14,15.508712
31,34.28872
18,15.840737
16,16.32138
15,19.321793
14,14.850741
24,26.454647
36,36.9451
28,21.669653
17,20.593134
25,24.956976
30,20.236189
34,25.266932
12,17.28942
20,20.409798
44,42.577015
19,17.018234
17,17.771887
16,19.670815
20,23.326878
27,29.514038
26,25.650902
37,35.33271
47,46.063087
31,36.754044
21,23.760296
20,23.086308
28,25.048294
28,27.589933
19,16.051981
32,24.286783
15,21.624014
21,21.207207
38,30.399633
15,16.970026
38,35.017967
25,22.408264
29,23.578587
25,27.130274
46,45.608837
17,13.697844
31,29.729296
30,31.303028
26,21.88774
20,25.74631
10,12.845488
35,39.379776
26,20.63294
42,41.301907
44,39.830128
11,14.085719
29,27.921793
16,15.005053
32,24.343004
25,29.211222
10,18.514177
13,17.097479
17,22.72099
29,26.130106
11,15.017214
32,28.679893
26,20.566805
25,24.060863
11,13.133982
26,24.875929
13,13.692023
23,24.212337
14,13.7160635
25,24.352802
21,24.313513
23,23.87896
34,23.115288
17,17.313683
14,16.299389
30,25.565554
12,15.978581
13,15.890942
32,34.91669
28,25.568909
25,19.21229
28,24.558916
26,25.552782
28,24.790255
35,41.046524
31,26.11899
24,21.728132
38,34.544834
24,23.80945
37,41.697807
23,24.674576
28,21.246136
23,23.353403
53,47.51198
29,21.933784
22,22.075016
29,28.661072
17,15.094662
23,18.579336
15,18.008738
36,36.278828
23,28.017145
29,24.42466
15,14.654153
23,19.421375
14,13.976543
42,41.878857
17,18.149805
33,36.18199
24,19.73824
23,26.01106
36,32.99321
19,13.832247
38,40.505913
22,18.094408
27,23.259304
16,13.604166
20,25.248138
14,15.722029
37,35.50431
16,17.396235
20,24.270172
15,21.821087
24,24.774448
14,18.134607
30,30.750261
34,31.591633
26,28.498812
17,18.318373
32,30.091324
16,14.146936
19,18.89324
16,16.760462
20,19.882597
20,23.663614
31,30.170092
41,46.07427
18,20.597633
28,27.43859
39,36.130066
18,22.185547
15,14.547618
35,40.227688
44,46.11278
27,19.509731
28,28.704927
18,17.111229
44,44.64891
25,26.839312
25,28.344822
17,17.629227
10,14.266423
19,22.112396
19,17.988583
13,14.380371
23,23.72711
22,22.555965
20,22.22973
37,33.896713
27,24.168034
18,19.179148
22,19.578444
29,27.613825
31,30.06368
19,17.504324
27,26.322508
18,15.815803
17,14.936533
13,14.289004
20,24.100817
39,35.21926
23,19.94342
15,17.327251
39,38.822823
18,15.557538
20,17.49906
42,35.98413
19,18.1549
22,22.468102
41,36.84862
20,20.90435
21,22.607407
36,40.061752
23,23.504889
23,20.009615
49,39.63281
10,13.24213
10,14.74477
26,19.441137
48,39.864906
19,24.557716
27,21.60869
25,30.592047
10,19.26414
18,16.94409
16,14.886707
34,31.359629
17,15.626922
37,36.5788
19,19.97653
29,27.221409
35,40.909267
15,19.769842
26,24.51447
30,26.44018
43,38.404446
24,24.383476
29,28.21054
10,21.28858
43,41.777157
26,29.05339
40,35.37551
53,42.6809
15,14.511206
29,23.788017
49,42.836193
13,15.202818
23,23.25539
29,24.034483
25,26.89375
30,27.083982
32,32.776688
44,40.74231
25,31.275154
34,26.687506
31,35.995953
16,21.761873
31,32.125286
17,17.535437
21,24.072643
16,17.19556
23,18.860538
17,18.19487
23,21.782282
17,14.32606
31,33.687004
47,36.98419
14,15.92281
16,16.362549
33,34.070045
39,37.670715
21,24.487465
40,40.618492
33,32.569664
18,19.672705
41,37.9696
29,24.540895
35,33.16866
25,20.967667
18,19.749428
13,21.498198
24,22.763525
13,13.833699
49,45.039383
27,22.021858
32,27.61239
28,29.992615
24,24.364788
47,41.17776
25,28.444193
51,50.592686
52,48.235954
43,46.37083
19,20.946173
39,45.23814
31,34.217697
28,29.366325
43,44.66313
31,35.303753
34,33.987453
27,24.479416
32,35.33614
26,23.413078
31,28.108347
24,20.323357
33,32.859123
24,23.17947
42,36.00269
26,22.033617
23,20.705114
23,25.169
37,34.002476
23,24.728588
27,30.523186
11,15.619051
26,24.370312
20,21.29466
18,18.851976
36,30.408295
29,23.882854
18,23.2815
34,24.158258
28,20.213247
37,34.414753
32,36.228065
17,21.115078
16,19.341595
20,21.872
47,39.15712
29,24.910686
38,44.29767
34,36.74132
25,34.307095
16,15.250243
26,30.941204
18,13.767582
18,15.225987
19,23.697636
20,25.661476
18,17.314919
39,36.579067
26,23.7827
15,20.764221
30,32.88687
22,21.725176
10,14.675639
30,25.321585
35,41.97368
18,15.469327
17,20.810324
11,13.302277
31,33.108124
21,25.819494
18,19.880587
26,30.57702
26,26.912218
29,25.857033
46,42.55047
15,15.459925
13,14.35878
25,23.340584
21,25.33451
29,25.501074
15,17.803783
10,14.372976
26,26.541313
21,27.544662
31,29.018187
12,12.325638
19,18.703867
41,36.64273
22,23.06163
27,24.375559
33,29.618683
17,21.42261
24,19.48302
29,24.757586
10,13.555812
32,33.459225
31,31.264324
41,43.079597
10,14.939265
33,34.010952
24,19.041813
21,20.840418
27,28.929403
36,36.78643
15,21.049406
14,15.116477
27,28.030628
31,37.511898
47,41.559654
47,44.526775
19,15.125114
36,30.201817
24,25.78885
20,23.81544
19,21.89132
19,16.90884
21,23.263395
45,41.487003
21,30.343067
39,33.4155
18,17.876038
25,26.106024
27,25.66294
20,24.397337
40,36.40238
25,27.978401
13,17.24769
38,34.665955
19,17.803692
15,13.924239
17,16.197765
12,16.555676
13,13.4924
18,14.505192
16,16.844273
44,38.44479
32,35.41196
22,24.535843
30,34.91788
15,14.586934
40,36.32576
27,30.681032
46,45.292725
16,17.217184
35,42.152077
37,35.25566
16,14.304023
19,14.919786
28,22.387049
27,16.747877
32,28.431988
17,18.158499
24,21.332682
38,34.749256
27,25.517128
33,33.114857
28,24.027252
27,24.712507
44,36.72882
25,27.300047
19,13.132554
33,34.578808
23,22.139412
29,22.782635
13,13.864035
21,22.018435
37,40.63261
18,23.826859
23,22.08745
22,27.5964
21,22.683228
29,23.973473
26,23.13392
30,24.51884
25,28.437803
14,16.131054
14,14.895939
31,34.1818
23,22.264189
26,28.645802
34,36.091278
